PK_LOCALIDADE;country;state;city
d12c3e5943db598f8897d905b3363bd6a6d868bef0dc64754ed910a343d47fb8;US;IA;Garner
371facc4a714ee6bdc9cbdaa8d3f35878f9d7a18ddae12df01fe82dcc83b590a;US;MD;Waldorf
1bb84284eb4a64f92749f3ee25ab86b42b93a8607b13bdeea7c166871e50729b;AU;Não informado;112 Reyjavik
5adbccde38debb9c595d2fad9c17bdec2e28c763a9803963418ae3914d1295c2;US;IN;Fairmount
14bcd8e72432cb483e521e462c704f140d5270b5adefcab4cffba5e67e778b7a;US;TX;Buda
7efa7c2fef2287c9dd089be05dd6f9120fda17be8bb41339dc9c6d74f144fbd6;US;WI;Shawano
a7028c5c5137246f8c779f01b8f590d93348eceec66ce7816bacdd16f486d96c;US;NC;Statesville
1ce842d63dbc52133af031b1b84df4da398294e8759319b704cce6156abfc014;US;TN;Goodlettsville
417892dc3c697eb94b0c4c03b4ef087afe724f69195e4563822737c54043d26a;US;CA;Hayward
3b023d11e52ca9806bad03a3c1c953ae34a04ac542cac528fc38eed5e6d43ae6;UK;Não informado;Asuncion
6af4ce1e9cbb636b4f7dc34aba14c0cc1b4737f20f9a1356419fec957acd79dc;US;KS;Waterville
458d9ff2d9c1a46f1833565a8786abf4a806e35421cfcb7d2546df29e9c9a49e;US;NC;Creedmoor
3754dac5c0864bb281cfe867def61e63bda4b46982ee865ccc64d59ee8c950df;US;MD;Glen Burnie
7533591b2c1f9aae6d7a35811be8a58cca639a72f12d3a736201b18c0ca039d1;US;PA;Milesburg
dd78150de7a44f4fb6f1a5ba060a11a6f81242dbfc7526150f3ff1b2ab92f924;US;MS;Okolona
40460d0b57ba2ac4d37a0a37b34f867dbd6b46f8a772f2a2ee913aac28cd4c2f;IR;Não informado;Panama Rep De Panama
66affd87099c6c83de25d73aacc7a64e3779de26ee3549c688c49375ef91d787;UK;Não informado;Beijing 100088
e68a83c2578242a38787c5a5e26f52adec632ea6bc42b52ffb187617761dc00b;US;TN;Memphis
11f3b49963697323e0a78fd415b9ffc7a2fecd6ecc93991a7b69ebc7e479e7ba;US;IN;Evansville
524a733b9855cc4a6bd2b7f8c4f22671351bd9dfce87042755e7150bc9b4472c;US;FL;Orlando
cd8e32c8a44c8a151f7f68b4b031b704951f3eaacdfa40f0b23d0a9802a2155b;US;IN;Attica
9a84277e9eeb36b552203a819253fde2760db5bc2abb14d1302572f5b8b2029b;US;CA;Stockton
46c421ceead9293cc85d83d51d8aca977cbfbc497277fd3c7e7f5dd8b7ba2bc0;US;IA;Pocahontas
3727a3697aeb9b227323e3d86eab65763bd2e008221978b2296224348771dffb;US;WI;Depere
7baa0ebc878c3e5e48c20cc4b72c69172a176c81814b32d651c0bf4e1ffacf99;CA;ON;Oakville
d765e802ce7720183f7419780fb82318dfe8f364e41b7cbf6e8522214364c30c;US;MA;Medford
da29e5ab5a072fbe47680351e4da33d15637b55c00bba64ec4f79aa9434f39dd;UK;Não informado;A 5102 Anthering
f9ea3d73222693aacd17b2bcc8abca6c6110604aaf6341ddcd48762d864bba09;US;AR;Pine Bluff
7814183cb720a9426a705e46ba4920df1eb7207996825667cc5d56def7f5c4ea;US;CA;Brea
6afe5832883502d8eec6bda01d00462f25d0e2b01922bbea338702f711f749f1;US;VA;Mechanicsville
d74376ae96c4e45841eb69e6214a763cba61107159024b7f11a309d365d1fd9c;US;GA;Duluth
4c1f14df48e938208900bf0b4eff63456969d78c9778b6f91f10e1199c0c2fd3;CA;AB;Edmonton
94b4ecc04fbf186e24bd6953ac83505be1b93097171a8663a880ad2f5776b9ea;US;PA;Pittsburgh
4a9fc0f4b4c5cfd5a284b6f2819f7180858db57627146ba650cf3a124669e3b6;US;TX;Fort Worth
5e731c05781d814946fc4dca22cde00193878667ee4b62f0c6498567bc338d1a;US;UT;Buffdale
447af41bb78c991d3c43f61326a571259670b55ac27e4dfe361b53d6384f9463;US;NC;Cramerton
047b87525a1393efa2bc3d949f55530864a5519ad873e2b18322bc0d6103ee22;UK;Não informado;EE 0026 Tallinn
71560ca13ea134000be5bb2e818dee486a8874dfc61be65a47d5a4368fddff35;US;CO;Colorado Springs
f828258d9c5e36888ee50632a9fbc49e5536316fd62ee79665ba0afdff2cb0ce;US;CO;Breckenridge
a121f0c8bb1f59aa151ef93f7d24fd95c81ee1e73645372c6e4dcb79e0e78410;US;WA;Yakama
3f3ef5eae0f75ef805c19d39e3b42e1c60685172310edbb091fa315012080199;US;IN;Indianapolis
f13032a6d49965ebab898a7dbe03f97a2af1e1c4beb0401a2cb602283dedb1f1;IR;Não informado;Ruwi
557f74a64756b112d9c8e67fe441e6282c686a10b8b89c50f8296da1a5e5f86e;US;MN;Hamel
8c4c4ccad555144b886c36eb6b611869945a5c341732c0f418aee74320e0c8dc;US;CA;North Highlands
862daa96fc1f7053f29c8576c06ebcae35c38e5a8bf21e0cbb0779511fa59a00;US;OH;Columbus
f4b0e78746ecaecf4bdff0fecd5d47118e3f32b993b993fefb75eacdff6cc612;US;KS;Overland Park
ad0c3db3b821d7be749316632a4ac8bdaa71160650121a6dcb07c36b2f40dcfb;UK;Não informado;1980 Santiago
e719884b43904e9f09f38569b3ade80c186971e338449550a2e2321f51517fb0;UK;Não informado;Dubai
36e17a36c926ef09314afb29dcf3608e7f467c1608722580ec926bc374cdbe70;IR;Não informado;Guadalajara Jal Mexico
468ea2b8ee81ab6a142c97d7ad44f798fd43d40166d179850985f22b06ef2c13;US;OH;Wooster
3f6cf7812f468e815c16ba003efdb006168de41de06331486c6015d1f0552909;US;NH;North Hampton
1013fd687bd6245b71b71cb83397486f07e37c4519d20780a7d5bf3e3bf71432;US;CA;Trinity Center
ba363cb9aab911d57ed9690a61c437da51317e2ebe74d2ad5af481531a3b8c78;US;OR;Albany
eac95e87dc4b10b22c53ba77d24c08ef18817fe1dc8129d96c7a7caae498e15d;US;NC;Charlotte
fcdc54aad21a247b2b6847d5cc742449fb6e459c79e90dabc0edcbc3b705f45f;US;CA;Tulare
a30ca98587788f3126255de58ea1a0a0fb7a4638cea29c3a9c5a858ca2bf3bc4;US;IA;New Hampton
2cd7954fa1061f282837c0fb7aab93a578d9b265690e52bd069b60db5ba5aae1;US;WI;Brookfield
f95b93d8f7f0dbe101a170a39386eb211640fed9b0c45bf246304b766aec5264;US;TN;Smyrna
7dbbac4c79629c80451db3f8f66295a8609dd60466982496a13bfcb931948942;US;MD;Frederick
9fb43319ef346b08dc92aa6f224a23432b1a809d5025044ec1cb6bc9a6eebbb4;US;PA;Mechanicsburg
b5862daf64ff6b809e2dd43f3898e39d696d9580b1a0b2fa280139093fc9fbee;AU;Não informado;Jakarta Utara
ebcc634ad1e6531e1ae2fdf6a1536a28935bc22c8a390011da24aaf5981d69be;US;OH;Bedford
501c2082b3b6cd2a44037fbf3dfc492a9cd67be9c17b0b0111e9b2f6b55509a3;US;TX;Schertz
66ffc05be486433549a3383bd6f58a9dfbb1f66a00af46f324d049427785952c;US;GA;Atlanta
27043c271c2ca872ba41ff47710353ca0240e57cfbb32d9eafe558a16948ec98;US;TN;Ooltewah
297531a8e5d052fa39df18dc0a5ba72f4aa235714555a7ec556c9ca5b2590c44;US;LA;Holden
89ccf259993ba56733f387a816c061018c49b69b4419c7ab5e604cca900c9251;US;FL;Lake Hamilton
ebd6f850e22f09fc0aa40c1da0cfca9500b442a760189d17ef09bcc9c45fdd4e;US;VA;Fredericksburg
a32d8d981652b1fb7811e37c99efedf61591d4a5e2ba00b85c56ff28cc689db9;IR;Não informado;2215 TC Voorhout
0f96f69b7400e0681dca0eebc01d973929909f0bd0ce7049c90e0750d9433700;US;FL;Ocala
5dad9451e585f3647544733b42a838b2d2cd7e76880a5e438483ca35057e2740;US;CA;Fresno
e2d0f28079b74d9a25a403bd6e35aa6ac2568e7d798843aa468d63b7c1d174bf;US;MT;Billings
b904a4b20891f22f221c9ef39320a00cbc7b321da04ce22b7870d69b0dfe826e;US;MS;Tupelo
d4d60da8b58a7def9336ac15a0d8ee3185561bab1ff8b6691b37146635e4a17f;US;GA;Villa Rica
3fcb7c9905221aae99e04571c8ed0591d8dd1a3a6259c80109fb936cf5c4d380;US;CA;Modesto
f2bab0afbafa075b8a6bc55d3a6b9985531cc00d57b8e22f92438dfce6ce501a;US;CA;Huntington Beach
2de546e1d28dd4808acf6e2da4c8ebaf5b2eb548f3b6e8780c7a6f34b82bc3ab;UK;Não informado;Bogota
8782383709d9687c3e44c1afbd403ff888272bf7264e5e740bb2651ec589994f;US;IN;Elkhart
fc666ee71362531d8b1a95eab9f9a990f535e38747bf0ae86fc786f386fa9323;US;AR;North Little Rock
564e02a20d7a3edc2cd2409ad41a3be9f4e10908b947a36c3ba207d566e43d7e;US;MS;Cleveland
5b14d994f978480bb9bb7f3781e894fddd2e41ecba49f09794325440e0e19435;UK;Não informado;Quito
aa2b97157cb0386543d2cf1275def24b072f8fda5b3f812575ddd37a76d8b8ef;US;WY;Casper
a56fbfac7ae45ec255c08bee1003b99a79307e627de56698bdad0cb737e96d8f;US;TX;Beaumont
e1720aed2f43658826afc1896a095fb8c99204678b1a4f0317573af5c08ea6e0;CA;QU;Anjou
f5caef426161bc245724306479f88a7637f14b5f8281c1053456bc003d31e115;UK;Não informado;West Midlands
56a72abfe96d83781bfd1f276845bcc2903b6e08f80efe9d81ca11a5e0d79d4c;CA;SK;Regina
4bca7eb117883c2322ddd15fb242ba86f83fc0f3deeff9638abd7a4cdf095b58;CA;BC;Prince George
09709ff2e0ff32e6b471a48b9c63f27eb00b9ca1a222eccc349626262d9b7cd4;US;TX;Dallas
ff17bd3e74831dd560822452eefd38454e16793f00b9b1680c4cd016d08f3628;US;MO;Poplar Bluff
0babbcb08b4fe4dcc55946308cffb78a531f93b5cc77774deefcb530292d2a40;US;MI;Troy
25f9f0f742f2525453b4e01306b95660ea900fc056031aec8e0aeed4608979ef;US;FL;Hialeah
3aca56d28f1c1b9b731db17f1f83971ffb01bf785a8e49c82af4a9dc0870a0df;US;ME;Wells
1c0ea8152eccbde71cce00fbab5dfab8c93e651c04647a3af05cc85561f42e83;CA;ON;Ingersoll
22e47a3cc329563e15ba5a2e2a1c7f8ab4629014b48f8b22c90b2b8fea43e299;US;AL;Birmingham
534cd4e295596ffd90c05b5de66111bdcbe31cdfb07d7daf038b523ab692896d;US;AZ;Tuscon
c6ae562914856118c81697759ca4c7e447c46d38ad9a98f0178905d7584a798a;US;WA;Spokane
c0f0e87af45dfe789da1d2aa85ef7dfa16831eb33a135ae32e34d3681c05d571;US;KY;Louisville
ca6e40d41a3ac51f6f11b0cdf954050f889efbc2b9fc4c5e09775192ae6f811b;US;PA;Shady Grove
148d8519967116e4d250db355a8a0269d655dbfcc1deef6a022cc07f14dc1f40;US;MI;Pontiac
36a1779b76b1e05f7053acb7dd88717ceb31ac9712f2d38f62f53e115e4dba00;US;IN;Hammond
f3f1d7179860709e9bf0800b25aa08f86242e6b7676cdd88889a7c0ef57609fa;US;IL;Highland
489593517105d52e13a7ae9ae7eb7d72db62345fe628297b43bcd22ea8d43b43;US;SD;Mitchell
ab499a7b8831859433d9090f52ef5c3b93a2fcf017d80a41becf8cd950f44196;US;MI;Coldwater
522b7c3abf8d4dfab277f0d7367ffb776f8884f785e6a034b2e9e7fa8e7e9f57;US;AK;Anchorage
db540d41801d586674ee171065ec2c6ff37a7bbdbdd7b0bfcd7d6e8630f789e7;US;CO;Ft Collins
6ae82e34148e4c63a53bf5e40906fbb311024ea72d61811d2e533e6685ea8d78;UK;Não informado;Sollinge Molle
3789e3763e770f8f6107bcbdfeed4630c4264be7a8a821f2290f449d459cb2b8;US;SD;Andover
8eb085ab51fcc704199122ac60db6ac6a3b154dcaeb3916cd3f6b46e2127cb46;US;MI;Lansing
e5494fa42837f60056fc12acec80b531f8da9a26d637f45f19f5f79289c732ee;US;MN;Thief River Falls
4b04fab8920cb4886b867cbfc51084b0786903a9160c528a87fbe7a53305bf3c;US;TX;Odessa
74a9542f210ce44f83aa1465d57d08ca052d69bd31f516cdba9148fe5d9d0dd6;US;MT;Libby
6b66c0db92e227820f34a3526fb6f35cac33d2692bbe41df2e224dc3e8717b85;US;MI;Watervliet
85e666a7b552ae5961b0c72b43667740c4143981991ba56b19b499be08190d9f;AU;Não informado;Kanagawa
e4c953d5bb324d8f05e591ec134d4289dcc2de94b8971ca4c93948b63943dcfa;US;MI;Southfield
8c963486f08a90683452e00fb92eda14ec0255da0ff81e53ce72036d50b68e46;US;ID;Boise
b99718b629fa4e83b557eb1822837971e3c7749331a087b34ad21f554d21b90c;US;NE;Sidney
7c2b59737e22b4169616c2971afd05e692d2f55838f388d0ecf1032a26f75343;US;MI;Livonia
1d1a2a39270cf2dbbc2a63f08a318623b22622d9268fac217b95838942a73374;US;TX;San Antonio
f8ce032236acae94ecc3df3ae8dba72ca420fe38bee29e3d5d99dfbbb0029a34;US;MS;Greenwood
03133142239d33c367b7e8df8dab0f3c93c5008f1c66f778cab6a172a446d8d4;US;MN;St Louis Park
ce6670cad78fb5810ab438d49c95ab8e9f905c43fc546f46b04ad9a84920065d;US;MI;Flint
a297eca9f816b6d493734207cb8f0bcfd000deb4ab2f2e7796e1a220f574c05b;US;PA;West Point
d6fe6e314ec56574a68df7b514c0acf4d4be457407e20b45b28cc0ff3ad642d4;AU;Não informado;Jeddah
785d94a3893a0f9667e2917eb13e265bc4868730dcf0488176c1fa03f94fdc9e;US;LA;Calhoun
e1bc99faeed965ee1b421a373125f5f319dd58d0f372bfdf519eccd1ab4c43c2;UK;Não informado;Carcas
bf1e6e7e47e8def3e58c3e8819447e1041911428ec8a35b50dce1c231ba5e07b;US;FL;Jacksonville
ed57eaa88cfaf472602802c7b631be8ee534e44a3688bb7fc54f5ede951fc3cb;US;NY;West Sayville
810a1a8b046605a6e7c662c6bf56e0926a586668b72b54e6b557ccd7f8ee696d;UK;Não informado;Santiago
83d058212f4fdaea5c9f47802e3640f7b997a838e5ac42231d3093258c2c1a3b;US;OK;Okarche
8f2c89eb1463e432a73188d2426081090c765efdfb2e3ccc7a5f4271d32ff7ae;US;WA;Kent
9ef304730724b5e6a1c08b549979be42a83f348751141d23603b03d0074e5ee2;UK;Não informado;Lighthorne Warwick
15796dd39852c3a94757f1aa34c33d42d3e7d8f5e856e7a058e8ed1cf8fdb8b8;US;TN;Chattanooga
2aef20c6ddf06f03c91159d54bf933c3d4bef46fd0871fcbb315f542239348f6;US;PA;Exeter
816d6676ab7792a6bd64b24330ca2b8d082061188d3481f7749cbfd4d3b666aa;UK;Não informado;Valencia
2cf264e2572767a93bd4480686b317185499a1bcfb6c72e5cbab81b9baa579f4;US;NC;Shelby
69ac6aac668adc235cb48fd36099577f9beb2ec2fa661db9c0c9032909ef4f67;US;TN;Whitehouse
e76736888c44787dfd471994333421a1e3c3fff366d71b607685de3030ad2751;CA;NB;Moncton
544905c520aacff347af595ea8b660edebc399f4f0dbc528e9653edd41586bdd;AU;Não informado;Não informado
bf3f62bfcbc13a136292a2615e3397bd2100a8e544635dd9d216de26493c4ccb;US;MI;Dearborn
2783d7e5f22b6a2d4d73c97be2223397ffab1ef3a4bd3c1b81b52b054563292f;US;CA;Irvine
63cece981d9d933d7597ea6077a551ff443e638f117d2f342805dd78dce01e73;US;NC;Mebane
c3b74511e837e5354cd49a12288f6e4c85f0ba04da6dcb8cd0e07a5498aa50cc;US;CA;Corona
ec701840b52970e506793fd3fabd8abe8aae64c199235492a9e1572ad699cee3;AU;Não informado;Istanbul
8fe0e7a505671da5a2b5a4bda903336224d8fda995deba9a63979bc210995db9;UK;Não informado;Sao Paulo
bbba8208d9dd8e602e6e6e9c5fe2b91077a5b8996ba3d24d0b0ab7900b744556;US;WI;Eau Claire
379ed972cf42cb4b402fce3e8aba0ba25f68368fc13476401e51cd8d6a6ab432;US;MS;Meridian
0193306b117e419f23ee0d8721e949930e69b74404eddd21e2e4c4cf2dc7d57b;US;WI;Milwaukie
c8236b250aa92824fe7ff3cf2390427f6b31bafea8e5f53c3eb1be867336c887;US;ME;Lewiston
edd0424f571ba0e7f486f9f21e314f4e4466e226523910e8784e7babef715389;AU;Não informado;SE-132 28 Saltsjo-Boo
8723aa8a67432b2ca2e8777c9668f3a4db08017926c0755a93d9ea9f71f0d37f;UK;Não informado;Cali
b27bfeb03182299250b9ae75aa4b0c5a4d2c14041808a19bb3e29d6ab0edc77c;US;IL;MOLINE
37e818922f1662b57f7935cba6a83446d8dcf4ce3fafc22f35f3c1e5b9d8d77f;US;IN;Indianopolis
ff4b688d196d706df8f0b64789dce410bb0738098d0893c26aa9f42a604c6fa3;US;CO;Fort Collins
a761d6084843ed592362fa030749728daf8e3c1379aa7c4eb84dd660655ed33a;AU;Não informado;Seocho-GU
002944d683cec3b5d8806ad10fd34e0adcdb0f9aba106acc6f8e6b32946b40fe;US;MI;Saginaw
a4e504fb193e51f0e841db247e1888a4de34a971756d089d6bccd8d87a392588;US;SD;Rapid City
c71354303716d769e58bdd5c59277e5a6e91f14a5e8e60ad641b61bfa08df810;US;IN;Valparaiso
0ab82ac12728fafc7419ac7ca8e5cc24fcaaaee9cf5e958fada829c5af505e9b;US;IL;Bensonville
d6d11ee0f707b42e6097432130694cd06f8367017adf6bea1f982cfb08daa31f;US;VA;Roanoke
d0bde08cfa4171ba3d44424ebdd55ab665eb8dc6031caf0f4f4803dad7a633df;US;NY;Elma
fade82fad67b4e278ac48ceeb99353f114316dcc5283f71576e697d5b8bf2b29;US;WI;Monroe
8a667ad572b06876750b6cc38ba11a964eece35c8bae9629a74d2750bf4603c4;US;CA;Gardena
fe85295315737ebb13e3ebb2ad3cd5fe879e8a633b882d12e4b9882ccf1d0bfb;US;WI;Appleton
2311b1612088b693172abeee33b8ec40c6776be570dafa5227994272aeccb96f;US;TX;Houston
85ea9c1d35195380358c2ec9abc76ce7cce0332fc63cf458421a5e0723ce6fd1;US;CA;El Cajon
20a70720565750d63a4434cb086954c2ac622f14e9add3e43f190bf5ab26dd98;US;OH;Dover
f5f29f8282ee6bea1feb25ef05f5c0b5bf5c309e8980cbddae998312d531c517;US;NV;Sparks
57a333c4325880c8e67a49a047bedfe2a994f0c77a91f55a1f4ec4d0b677d621;US;SD;Lennox
4d82f0ef0b318509287bd93de74e5747f1bd7a4f35e60d89b564e1ba3faa5fe5;CA;MB;Winnipeg
62655acca900631e1bf06b84ccf2ac51c46cb447fcbf4bde0049e675872608f1;US;MI;Cass City
1626c22f5f90d7e5a9e45f9b8c6a915caec718acc52de4dac83935e726a741a3;US;LA;Baton Rouge
2507043d4167e55c9c5c4dca345b34212e6e014e57168db758cacf832cebfd8b;US;MT;Bozeman
f94849baa7854bc2765307bad9a265db48f8593658b69d59a01d84c857616c46;UK;Não informado;La Paz
c3f4a96d0c1bff2c92ea823e0834655a9b485f19d5a15748acdb2acc26fc2026;US;AR;Little Rock
2c109ee168d12c07e5940ae9606c1155fc9ff58992ccdc064214bfab5bdd908d;US;WI;Janesville
5ee026d93264013b3ae86974da9be265f81ba51294ff9230fbee746452896e61;US;CA;Rancho Cordova
7401077f138a9a4f88916e1fc065e209c5ef16a4271658a24cd6d4f31b20314d;US;CA;Benicia
9d69403075acb2247a485f9296f08850d4feae74667416ab72ffa3d58cecc9dc;UK;Não informado;Madrid
ea43efcad2965167dc25938d80718781174ed455f85a93b5ac41da43448ea37a;US;MS;Brookhaven
74009ee89da988f06cdec8947c813c8a5639929c15924e507403dcb43b223a39;UK;Não informado;4100 Porto
689f18f2821d2da2097df3a5de55254b1492ad0df596f1fb10d18984b75e47a7;US;WA;Puyallup
fcd62851d950986d6353b9ec8cfba4f8f10a9213d61e89da5f8b2e6d76df8a6c;US;MO;St Louis
d2715eb4bf83e2e46e7b9f18f31792d838647f774a5d68d9d30029beae64f071;US;WI;Chippewa Falls
6248a673549f48d43042fd61e70eb589ff537a8eef49e08cbab3717e6e189f1f;US;TX;Brownsville
718211164a0b6e6a824a5b3c8e5ab93a8bcebb67c6e79c309062a3ff27390d63;US;WA;Tumwater
77207a67fdea9be42cbfdc78a8f4f6c8205b79d2750e948b5449188753d45529;CA;BC;Burnaby
0e401d1755714faf774d38c42ae2a7c5c84553ba06e6628003bab6f7a9bd858f;US;CA;Costa Mesa
a693ee24637896672a883e3d9e52fc4ef50ef88e6dfa3d535210d9bfea896967;US;MA;Framingham
d4cc2df82b30dd4b0820126d8b65dbad02ebd774ca3439ce7445938080105f81;US;CA;Redding
470dca3dd7c47b0161e79c84a424ef3d4cf5a87e031c1a9097663f8e94007d96;US;ID;Rexburg
1fa7cd926d1e66c73310f6a307a1f7fd22d8b1f09a197c01b1795e8b65eb3060;US;PA;Hermitage
7716f14ef4a24e253037d18d7ee077be084413f7692f8df0bd2353a24301b0a2;US;IN;Plainfield
ad633066ce40f22be4eba55a3afc04826dcca6d8cf8b14862167405d52cc08cb;US;SC;Clemson
d4148f6d8cd3bb84c959ec6a745f13af65e2284291ca679b152708231f96003e;US;FL;Miami
7d3d0b16a3f1fc0fca6c7945373051fd2f69929c445bcb2cb0fc3503535a4ac0;US;KS;Ottawa
3967e00e6a4417d7efbfbf89f51a3272da2e2de72415e9f7326cffcea2d195f0;US;VA;Manassas
e7b30565322591d9f2cf6d50ee21687eaa3b1b52423992adbba39b8d4af7aff5;IR;Não informado;Quezon City
9b9ae0fa35affc6e2659d96dc7189d159a6abcab7f0a12471d12cdbdda73d35c;US;OR;Hillsboro
54d9d76b5be0ef121183443ede53851a20b2184c4ffa8483dbcaa3c9f1411c57;US;IL;Chicago
610f2a6f6fc029bddc6cdc47221eaff9738cb6b92b3d909369f974475b2847b4;US;RI;East Providence
e7e9edc8189b353875e6369619d16a03cae89fe6645c80c1029d5b09445573bc;US;MI;Grand Rapids
d95d051e4a52d6a1f028dcb15397485d00d11e1e344dcdc89831debd3e108918;US;IN;Middlebury
a633f209a26d5ea2714c1a5f5733e2897a4fa07fe730fe86329988cb4746f8a0;US;OR;Aurora
44a18e4746e5740ea761bdd04a415d2f6a41ddfd77bdab7ede87bb438b2f4c2d;US;PA;Mercer
a695b7cf39e71e9180de73acbd0e7c2bb6ea33fde698860b75148ce27d817438;US;MO;Springfield
b174b61de6091c037a30e731e3082ef966b94668b0db2d2c89396187620559ba;US;MN;Eagan
785becc79bc845bd3aae43ceb46bfcc840ed3a3c47377240a116b6864a94849d;US;VA;Petersburg
d7f4acb16793f707619a0e46068082ca13380e8f2dad8713a6a8e43a9e26bec4;US;IA;Sioux Center
d671e39acd31230e67841f2e8ffb4b24cfd34daaa2b83b8da438d2acd2d3d55e;US;AL;Mobile
75e95fbf54f95c7ff0a71d674301978f43bdfe11510bb1682441da0ce8babca3;US;WI;Sun Prairie
f6a296532de3498ab2bbc2e01c1c2ba7337ae333da18a6c5e486ac1eba9dfc0c;US;UT;Salt Lake City
40651f19d402316ab2c22c1841cadeffa935d18c3e74bfd9435f79fd83a41a6d;US;NY;Buffalo
1e7b3968117804bf22c86197ca862e0b2d0b91141f85a86e4cc18cac59cd6bef;US;OH;Canton
435c009b534ea517029221cc79871d24ca8157b3212ecb0afb65a52a211b17fe;US;MS;Pearl
4a200dd8487f14c4ec0719bad8eb06596a664067c418c22b5ebc8ae0cb35e493;US;MN;Grand Rapids
b0d3076a4da178ea5eebbafd926dd38673fc4185bb08a52af1cfcf9f4ba89f94;US;MI;Kalamazoo
e5fbeef6d25040830948772b799e6f16e18f503448a2d8beb79adfeff162d8bd;US;TX;Jasper
a31323bdaff8aa17059c8d063348061671c113a9dcde363a5ec2025a043ca2f4;US;OH;Mentor
8fd8fccc1193388e4a3c4158eb85ac1b5a829c06da4840c6c95a7b4b8fbd1ddf;US;VA;Vinton
b19cabf19210deff1990b425ae6cee0a2363a901b60fa70c73d00a31aa5993d6;US;TX;El Paso
c91e3541a6618cee04611c6a7517be90e8f15cfaa56bcdb9dad2fe1e3fcd9ae4;US;MN;Oslo
e16c586c9b265aa27cdcd160b51b34406f2ac6fd61b9496bc36d540074f29c5f;US;MS;Olive Branch
9ff8d58da9abcd93f5b5b8d0778435f65ee9d4e3c3a873926b95a9a7f9bfcf81;US;UT;West Jordan
63b562fb12d30244fc1e7f139eb741c9cc470fd2cd6e8308d5f9684d3c15eab5;US;MO;Independence
3d92147eeaa8c423ff1388775842fd7158b48992a738d113d32dc5a0bd97d950;US;NJ;Stewartsville
4120e631a6afdad544e896982a10a000f14de38315760d11b0229a3aa46b34b2;US;CA;Cypress
89231235455ac3ade17b3e936b3568975655fb3fb68c2bbff34532ef21e52f09;UK;Não informado;Industriestrasse 17
153764e799ef73931d330ec28105216f3fb4eb853f8f683653242166f374dc36;CA;MB;Winnepeg
3f1565d28da7cc0f500d98340ee2219dd5951dfd1b7873d22315f688eca6df6e;US;TX;Irving
7946dda4d92ecc8a40bafa657a8326338fd9aa5eea31d7d69262a405c53e0ec8;US;CA;Sacramento
247181c37aadac9e2347a1e3823cb5c25041230ab36e09cc048e3e33f88d8005;UK;Não informado;Não informado
fcfd653a5daab941a876b38d5ac201c2ba8fa7fea4153caef89932e26c9848df;US;IL;McHenry
d70090f9b87bd2dbdbf54e2797ea89b6169518b643f838ac2866d97cbe8bb392;US;MO;Kansas City
fe9f49991c088f088e24dee3da251eefcf4e8ec17cd8e2f1b413394c111f44a4;US;LA;Shreveport
2c896769e1732da3daf57dc89076856c14019e943422e2cdfbc8927c4bc1d736;US;CA;Oakland
34904af881ef164a8ab09835e90b497b65bef243334edf59e7c6e34149ee370c;US;NY;Bedford Hills
876c1cfed7c9e1f2d8c32f15bc2093cd5e73204c734fc55a4767d88b204d7244;US;OH;Columbiana
ca5d18addd907441fc9ccfdf0af539beea936523d002ff39e7f0708fcc3df708;US;OK;Oklahoma City
54bcf0cda6aefa44c2ea1c60393e316d48bafcc3b0db40b9620e9cf8141462d4;IR;Não informado;N-0598 Oslo
b6686e191d34a26003d0e67499b0286ec54bf20f2a954602461750021310cbee;UK;Não informado;D 95326 Kulmbach
3cb1e397d4eef37d32b2973d6c938cbcccf2946a1b3e266c61b544002765aae7;US;LA;Springhill
0ee93d9850689e99e64aa94462f2aa55410a30cba6129c71f951e30ec5755b9d;US;FL;Tampa
da3ea164f9fb9afa9da3c233f28aef2efa4c9b674bb88ef55d6ee3a643853bbd;US;PA;Nesquehoning
d362f5871a9a190ee1d7c28706af80c6af0916128ce008f8f97d2b0ce4a39f39;US;MI;Wayne
fc610e938a46ee6d271033147d5184dbb11396f8b866936f51b4d670190c0eb8;US;IL;Morton
e4db5cf822d6d104d31b2fe96ea17135244aed34f989b520c3ffe692ac643913;CA;AB;Calgary
469e1237b181ad5f8aed5a952b43a1a70e594907febd50e676db8adb91a688f9;US;NJ;Fairview
4aff66a8c0f2d1c7754a00a3db434dfe971b3e66996a1b2589644525739e3220;US;CA;San Diego
c135ed7691c62c5466cc6b39772d1ac4ef902d3ce489a3104a6578966031dca3;US;OR;Beaverton
5e3176a91cf64154fc1aad4f54a51dfd005ee2fd8e77b0c7a280a0af429901e3;US;MT;Missoula
2e0b7fbe0fe264ee672a7460e95155a93dbd2ba0190d6b9d7d18bf0c7e71658c;IR;Não informado;Schiphol-Rijk
049db8ccead7671bc8d71fd4b6e6fee2a4429789aa471072fafc10f7105cbee9;US;SC;Greenville
5a1aa5daaf1caf0b5c98d23bedb38bc10eb718f00ca498f1d8c28f61b3a3486b;CA;QU;Montreal
c681656b820dc06bedfbacc43dcb669ea05fc9209300f007ef1da53adf52c35b;US;OR;Portland
cdd6e609282dfb74c7a967d9c2fb5b2922297bfc87494aa2572363f489b3ac07;UK;Não informado;00-394 Warsaw
920bac96ed8d7f1a3bc9b241152ed8b62cdd26b6432a0e5bbee036556bc7ce0a;US;CO;Wheatridge
25692847850355bccfb758148bedd64d40c3ede1200aa7b11a061fdc94a22559;UK;Não informado;Bremen
a142b3841e13aef55c069475779a6d1c20d1a8347afc2650332aaeda15c22d5f;US;IA;Des Moines
91d0d89f4b32861be1feecdd47132e29ca38ec01a366dd4fcc4d5e3021d53fd2;US;MS;Jackson
02a77f5bd02d7287e85d27412f4bb1e49447cef4a5b78e8ce8a064e764d82ab7;CA;QU;Valcourt
7805fcb438c74a9fa8e61d8b078310ffffd9a31d8dc8b2c0e04f6a0d34899a38;US;TN;Johnson City
7634098b10bd37199c52e6cb2f4f3f01bdbcbd70453e00dc53ee1d0a8501b674;US;OR;Eugene
09c8f2e929b7f7dc22fa6a18f54368c571a517070b048609896a39f1b66ac073;UK;Não informado;FIN 00710
01c1a682b5c18384dbbf9e23720f44b42013d95a3da75f3fb1916ee76a2f218f;US;KY;Elizabethtown
d599d7f4a7fa680e6c4161ca365d432ee4224f107f5b6f23f51fe5ea5a26a6c2;US;TN;Nashville
e281acadd099d7ee0b0f510f297040cb8b3009cb0833059a8e43792a26afe79b;AU;Não informado;Hamamatsu City
2a113f122b353e23af04afb733720b30c52fea07a8dbb6b09e6885f2bda9d3c6;CA;ON;Beamsville
ef8b1188c5d703192cb9f48e1e51e9088df4325e4b24e21d592db378b9f125f1;US;OR;Tigard
ffbe65d3960fe0544cd38d86b221c0739f80e34e5973882973cf3c1c405a8a42;US;IL;Joliet
86243d33afae9e47348c379c523557c8c02554a0bdd64915de896b5b6e0c26ad;CA;BC;Surrey
b1e9de0fcd2766177f0688c9f2ec192832974b8dc3f5ec2abf84c63914de41b7;US;WA;Auburn
854abbf29d5d2609ce2a58c81ee43c0298e84e4d11430b07b53d301b135f3bae;CA;ON;Toronto
3a83ab909c890e3d80495463d5a71430672f34bb69e4717e2e11f71e5f8c45c0;US;NJ;Somerset
1476199dbb016ae68215dc981908b6fa7b244241e469b44bc28f8f02f019e32f;US;WI;Marshfield
37dc1286810b3882402c2256174bb10947cf4ba54cb99d7efd9b4d4e66f9866e;US;AR;Fort Smith
ead9cfe50aebc26d54bdc4196740ee3f2fefbd42f2d9feb11fea43be08dd1fb8;US;MS;Te Rapa Hamilton
b634b306ee16f82d3c16d44949093f222610e887262c02da560b9988a0724615;US;MS;Laurel
2368c4a7d4ae8e96857889950f92a7ab22e315d1376b84498288411a52bd38ab;US;GA;Augusta
7a7d2053719e15ae16306f0055a8ceefa5137d919a547152da3b976f027324d8;US;GA;Norcross
3f0ea360cfa6b95a19236a0c9b696a3fc7198182af478286312468873032a77c;CA;QU;Boucherville
c51d350232875433e84e6245af09059adb796246e483da51aea1f66dbc9ebed0;AU;Não informado;Furstentum
6189a53dce9a5276f2924005870ff1fdf10719dfd3f2c5967a4b792a62096bb1;AU;Não informado;Seoul
175a0efd60c5e96f18459b10aebc13d6d47cb765da79dc2283776fe3e350fced;US;OR;Medford
299f21ad50698814a52af1b6029a3f6fc5240d09a67b8ffb28941c64ee2ed851;Não informado;Não informado;Não informado
ca65462797e322c1ad9630f0c377b4fb7a81f0ec25b5b8e705be2d1fcca72ae4;UK;Não informado;San Jose
41af1c263d4b213d29b07888d027333e376236504f69fa9105c30f9bace7b005;AU;Não informado;Beirut
fe32fb9cf46274de9c2c8a94cb6edeac0a7a8e5ac02be035af3a0fa92e5b23ed;US;IL;Crestwood
730ada48f0a45298c6b46d7480cbc8ea60feb1ca5b32d38091ef8acd138f3582;CA;AB;Fort Macleod
2a8040a9ee910d6ba4a9b8e95f04ab0d5952cc2cf735e4d353d3056960935b86;IR;Não informado;ZI 1 Ducos
749a003bd2090bd30f5ca63eb46e9b216f4c6da31bb761ea8748fbb0c5f29868;US;AZ;Phoenix
e6e883609abd28ea1ba96ed5d8e14f949e8f401989f728f8df365554972be2d3;US;CA;Pomona
5c74e33e438d242734864f75e56a13a53525692c3ae0f682f55018d56a21710a;US;PA;Wester Chester
6ae4cf4b2437ff75deb61c8b77b49d5b5e6638d25d4a4a1206e30d0649007147;US;IL;Aurora
393d317c16b3ae8b34d162461440e38223d0bb0d96429b4b5fff5e84d2872a46;US;OR;Milwaukie
221159bccf7c7efd9ecdf268548e886ee7cf01c3ae2c3a1f5541dd818d02942a;US;CA;Compton
8321a3b4a2465fa484a9eb447526ae9e204f3cfe384e659d0a6b7ac0720d3186;UK;Não informado;Linares (Jaen)
bd106be84bf118e96ce105f82071e9e80c9df8a7d16b7529575fda0510f65516;US;TX;Spring
db8ee032e4ae431f82d6c779b9da654170290da5eaed51ab589faedf213bd631;US;MO;Hazelwood
9e7e8c257990d2b07b53f6d77ccc45506c647e2e8dae74fc6adcaab6fb346c78;US;TX;Cleveland
3dbd6950ba4f91326040ed75761e191ac00da51d6afdfccf88b721584adfba70;US;AL;Saginaw
90090fc52cd0dd243855219ab919b8eff6027fd7c8c9f3ba9b856e214abd6277;US;TX;Amarillo
9688900aa0481eab46bc51b1ef24db31b792c98fde2cd2cb225379e1dfcf6009;US;WA;Enumclaw
5fb22b31ac098df737d935ca141803845a151e63d86ae5fa75809e30658454a5;US;CA;Maxwell
a7604013dba9e7c1bb9f1c99fe2aaef4b08122ab05575eb0138152494a269358;US;IN;South Bend
acef4bf8fd11526c07c2905b3f5209338a5d05221232234e63afc1c51c486d16;US;OH;Cincinnati
5fcf464818fc23d7fde7a52ef8035f1b8c510de4e52ac6f2a196ac2ffcbbf917;US;GA;Savannah
ec5c229fbe3ccbaa049d6c7e0cbfd79dc5447f60094af56a0f8c0370de91e720;US;FL;Ormond Beach
9765fe7ff481a47dcd9256c1292387799106c4f155f46ecf3686c75dae05ad2b;CA;ON;Mississauga
6178825e252568f1fee7d353c813a7a295f928101eb9311c9eb715f2350ecc89;US;LA;Gretna
fbfc2229f009c1acae6926529dceddbff27a5af0e38587287061b6fb3a843df1;US;CA;Van Nuys
bd5d9342dd007ca58632fc991cd8189bd2e4e3636e918d4f55138812d86db1df;AU;Não informado;Songtan SI
18caa77b503ae38d65307590fa3df305f2b38416a19afc35cf9de61c16605887;UK;Não informado;Santa Cruz
f226f6fa1834e6aef9c02bfcd542a6bc57d60a52ebaf12e6691054becde1e8a1;US;CA;Placentia
aadda4b75140e34075d0482984c0928c6b9b31dbfc2da033fc1cf333e44cee43;US;TX;Longview
8eec3594e4abcf03742232827791cd70218d1734602a6b4f61b2ccc4a18c2a6b;US;PA;Milton
181563bbfafa07929a681b76d68e8a060ac7f2dc6ae32f6c784ff86210297d7e;US;SC;Columbia
b0e08029c9adca947b54abb0ea4271b567b434bf8e1a7fd2de5619c6ad37d86c;US;MA;Salem
7eb1aedde38ef311b01dde51514a405e92012c1f7eb3e3fea0f11570be06a0bc;AU;Não informado;Taipei
ce2842e6d42eff9136816e01c42b3bf4c9ecbcebbe0afad0f13efdbba61b2aa7;US;MI;Traverse City
2eccbd62ab8a7a4e9c14a901523e7abdaf7147225f67b83eb7b418c9a5d80a33;US;LA;New Orleans
5a8f78af2b0f060823854fbe756cffdada30c3bda487af1acbc3cf19474ac9f7;US;OR;Prineville
a06b195ba8630b3e6256632e6f40930c62c5a05609f14ac857858f5297eda59d;UK;Não informado;Kilsyth
cbb331512ce2f2bae8e77b1e6c7f118ed2e4c25d2d3f37be546b2b7ce3b6e804;US;PA;Wrightsville
652d0ec199d27a3451bf8b1e4d13b2a694bd3c012a7a2566b47dc8b711df157d;US;MI;Warren
2b44ac133e65f1c3a26c158fbf9eeb0536da259b755261238bd5ae450c39fa4e;US;MO;Cape Girardeau
a8baf3d8f0cc577321aea6b4cbd06b87ba111f516429c07e7a86ecc50e79afcb;US;MI;Newport
41c969ebd2df4c44cbd6c04360f71c99943e2ad1ade2a01152764f93ef394935;US;OK;Tulsa
ad9eb12f524e5089c21769d47897df8bc7341e60511d35071d22225dbd547102;US;CA;San Marcos
14b1479895786cf7303ce6688529c115c2deda5a8658f85a66241ad68e321a40;US;IN;New Castle
e12bd7bda0a8bff312042a342531eaa234a9c07cd30f45e854cc6f1fdd2ce23f;US;PA;Philadelphia
0f2225a241a125020ed15bd3d3e95586e726c8a77e7a8bfb6ea5a517e6de2103;AU;Não informado;Johannesburg
35ced4220a1dee5bb1318acadcda05e169e6bbd709fb92e43adf2234c57928ed;US;VA;Richmond
8228080288e548a47a6cab1fbde331cd1ec5aad8df4e56a544acdfd8b35af295;AU;Não informado;Georgetown
2abfee905cdf52731f7ac5ba9329679b23a25950049e020781c5c3c14df35c8d;US;KS;Kansas City
f91d4e34495e8180bf643ab90a3daa951a82c8537078b64c959aa43809e7401b;US;AL;Montgomery
53431dea7a4e75b7c7125cd8187ff23608281c9d9c7818a2fc6c03a6e133a89c;US;MO;St Joseph
b5559f6b09cb324eefb6471ce76c15a01c6c6a97a9add9d7141d648a09fd80aa;US;IL;Raleigh
2edc811234af618401959fb77e00e166eabc9a7751023a6b87a5e77361212e47;US;OR;Clackamas
66cd4fc58a2044aafe610d43a25269d26ca5e899c48340b9b52126663fcde8da;US;ID;Pocatello
a2f6483628530d5fee23ed6435b35062217f51306c3e3c3e692e4a944efecfe3;CA;SK;Saskatoon
