PK_TEMPO;invoice_date;year;month;day;trimester
566c01fc4b288bbb7e877b70697bcf0ce2f298d3dbc87cdd0924693f1c7bdd7e;11/11/2018;2018;11;11;4 trimester
f3e076714fc6a8f77a08b0cd5599a5bc859543d7c24c0f4e7c4d7fe9d451c5ee;28/10/2018;2018;10;28;4 trimester
3d12900c46ba209003b29ea7c0360f7866e61bcacdfaf606b5ab0f6a4243735a;05/03/2017;2017;03;05;1 trimester
e4c9ce87113a3851ddad3406d8faeec22f622454b707674ea60d714ef8f11b9d;05/02/2018;2018;02;05;1 trimester
5f6cdd79e6bc58f21dd23b7d604f9979c446d0a7fab474ed36c05932c831c4ee;19/02/2018;2018;02;19;1 trimester
237e7c28bb13a56e707c4106c7fde6dac12bd6bda9477fc15874a90a8d7d8b0d;25/08/2018;2018;08;25;3 trimester
0289f4100059aaafe13d90568ffddf498f478e2fe8cf1a7a8cfe6f3371922955;22/06/2017;2017;06;22;2 trimester
828c5fc407b9ad8f79d5161b56f1ef1485a591d614648faac78edc8596445570;09/07/2017;2017;07;09;3 trimester
7ac6c50cd32b72591a7d5341a214a7cc11316ff398cb289db7eee5d92a0d796f;15/04/2018;2018;04;15;2 trimester
722c3f86d7cd97b35c2ac6e04f66dfbcd86d59e20b71c98aa46d0ddbec0daa45;09/07/2018;2018;07;09;3 trimester
06f1d67fd5ea60ad8665b166fca8f65d843ca1db5e0eff879c30e9bff6dccb9b;15/01/2019;2019;01;15;1 trimester
ec4856754403d162e8444df8a77e2f526d03b79a1b9d4772d6c4639e4394bbf0;15/01/2018;2018;01;15;1 trimester
b5f10311604bccd48a29501bf0092a2b9b22ec7f7d0cba08461bfc128ff4ad90;29/09/2017;2017;09;29;3 trimester
f1369fba8150f0ad2d8c1b04100dac830cc9df2035057b2b135cf4757f1347ec;05/08/2017;2017;08;05;3 trimester
503b734c88cb31905c2504defb5995daf55f8a5a16378287ccd9c2137deda556;16/11/2017;2017;11;16;4 trimester
0694ea6cd9aa3dd2132ca25610a544ae1f2daa0a4ed4da4ed5b9fa3b856a6078;22/12/2018;2018;12;22;4 trimester
870be278574a77981fbc815fd506d0a40dad5a1a874b561f1b3d70cf329e5fb3;26/03/2017;2017;03;26;1 trimester
508c6f077bb5e5cb2dab4659bc5c149be39ec22b0633322ed1383eb905432ad6;15/07/2018;2018;07;15;3 trimester
bcb561abe43d8b884aefe11a2bfbf41717e5ca5714db0e572f1cef8cf07eb221;30/06/2018;2018;06;30;2 trimester
74443697ecf8338c1c94c1e9ff608155feb7ad744fd4d1204bde3b8ab3095e5e;18/09/2018;2018;09;18;3 trimester
13593ae0fe0d41afadabb706c80974c47013ab4080180b4fdf00ec6d9aa844ff;03/09/2017;2017;09;03;3 trimester
0df1957ed46af6b807a3bba359b26f445c49c20bb23c73038b6c589994bb8860;16/01/2019;2019;01;16;1 trimester
53108493b96a7a2789c629db82de8ea7efd2e9d17379efd0fc5a9a96afd626b0;01/01/2018;2018;01;01;1 trimester
aaa75c8a7f49652bbf68bf88e6907d2c0026a469b5d54ec5aebcdd792dea07b2;10/03/2017;2017;03;10;1 trimester
6b5a709bc194c025e3b2d2f5f8810f32625c08bd6bd1bb078a4da858f5c419a3;06/08/2018;2018;08;06;3 trimester
9601a68be01dde4f2224eaec96dfd445560b2f8e49624c9b17c77c9c8ecf36ce;22/09/2017;2017;09;22;3 trimester
1ab734f01532c8185602036a3325974319658230e9db4665355a7d269d172a08;23/10/2018;2018;10;23;4 trimester
f3bef0e86931ae2d258a76b75ac0061ffb7dcbfc4653bcb95f44fbae2f7213ee;16/07/2018;2018;07;16;3 trimester
cb7825e0869db8680910463ed72ebe2d3c55fb8e39f8ccfebf353fcb315bfbaa;30/03/2017;2017;03;30;1 trimester
f5d594a18e7c8a31c35fc5f87d443cc44fce79b8e459cc5b652ba074f7d3c6bc;23/04/2017;2017;04;23;2 trimester
d5f4237f63f98193234441acd9800e12d3509db50bd357fd55de2df633d765e4;09/03/2017;2017;03;09;1 trimester
8224f1ad2723212380cb5ef5775a109b76abdc837e9eb2dd14c068ae5d7d7449;11/02/2019;2019;02;11;1 trimester
c18a73c9745f0d1f2166fa467d65dd66e678e4c007bd5cdba1b419740c764c46;04/06/2018;2018;06;04;2 trimester
4476afb518bbb6a31f227ba6063a2861de3aa0e39fd07ff1d8fd9c8b9ec34909;23/05/2018;2018;05;23;2 trimester
678852ed3a59c44c6d567460e32bf696e65990e7f58645f2340eb17e7156af2c;26/02/2018;2018;02;26;1 trimester
d1d7a90335f5d72940c820fd86a9d3898c8d9897fbabb31d47b8cdd6500fb9df;24/03/2017;2017;03;24;1 trimester
321b197fa56b15aaa9444a3fec83351028d5dea14656b313785afa80d8ef929e;04/03/2019;2019;03;04;1 trimester
2896e423b33426eb9947e1c61ed5d4825be4894c229b646db2bb192a33d0051b;13/04/2017;2017;04;13;2 trimester
288c5e30fbad4782b6ee757c5ac3b2754845604985108f6623575cc24bf73f24;25/08/2017;2017;08;25;3 trimester
bdb4e4e5f7d28733b3b7afec4a4246774050496c3d1e0ab32c894f61599a7994;04/01/2018;2018;01;04;1 trimester
abed6013b9e775cfb2e5f90aac702393c57083b0f865f4d336921caf2607319e;16/08/2017;2017;08;16;3 trimester
4aba5a8b571375394c9a18794d67c718ed25b6f9b1394ed5894ca92de764c702;17/06/2017;2017;06;17;2 trimester
27116a3dcfe412a7e06ae0f49b126deb3b9d47795ec21cf1003155a28a8deb7d;16/05/2018;2018;05;16;2 trimester
c963ec41635112567d6de7fa5d956745658a8d24846c7eb75313b0b9d3e2462f;25/12/2018;2018;12;25;4 trimester
ee3c4581dc966920e7df6549b60e450be6f580f840113a72d342defecb7ffabd;19/11/2018;2018;11;19;4 trimester
5998d7bb9096c3767e4acc81a77be3996975072d553eee22cee5b2dbc1345840;13/05/2017;2017;05;13;2 trimester
c42d299af5a5d704962a63eb676ff3ba02f9182755e59e6d16d867b4d571e6ee;24/12/2017;2017;12;24;4 trimester
f03b64a22b9f71e9091f00ab923146467191f75b892675247caff40e079b7235;19/05/2018;2018;05;19;2 trimester
4c12833332266f17485d9a2d6fee27153bfc5c3cb37988e20ad4f975ba365971;04/05/2017;2017;05;04;2 trimester
e07a2f7bfa5d21cec6f786d2e3b90640dda6a89bf530d777c0a6d8811c4a23b2;29/07/2018;2018;07;29;3 trimester
9c71831b46dafc08bbaaa0590869ae587fc8fa97f9e9f1a06b8806715638c361;19/09/2018;2018;09;19;3 trimester
a7d9c3adee5d637b49deb6c8344a3d5a68d763a54576df734fd118e40ec5d4c1;30/07/2017;2017;07;30;3 trimester
b0041d242056302e64461c645e6f705024a000c28ec4b8697ef9dfc6cbe90418;08/04/2018;2018;04;08;2 trimester
d902e92e27c1d18a8cea7877a2790eaca92fbfa4781c7b2d261f72c7b6e858a4;03/02/2019;2019;02;03;1 trimester
7debbae3e5bf470d10f125783b11457b933e50894fe81682c403c3425c09274c;20/04/2017;2017;04;20;2 trimester
116de83fbb50e2829c6011b09d7e14a8e68e79660cd803c44b6d5ef847573500;03/06/2017;2017;06;03;2 trimester
1034588e7269028d7c0f09468c0861656557c0a2876cef0e4435048792e5d40d;18/12/2018;2018;12;18;4 trimester
0ce7ba4ce4c41d1aa6320834fe52b55c2ed2aaac1ee1d11afe9d2702e78ca2a3;06/03/2019;2019;03;06;1 trimester
a1cd4d743994b1bbcfffdc72b5964e27f217bbee00053bdf9c12c68d3b7882de;06/05/2017;2017;05;06;2 trimester
6937e52228069e75dbbc18414fdbc6da0bed8a305d5f111bc84fb9086c443631;21/02/2019;2019;02;21;1 trimester
d09c60eb5d413264b1ac6878d74fab228206f5f52ccb356b282098fb7ff53f10;15/02/2018;2018;02;15;1 trimester
98a7379a621e132a319d16a65ed22c457a9d3d23906ac1de215ec6609ad0794a;04/08/2017;2017;08;04;3 trimester
9079c885146aaa8d9dc67e47be22db26126281711faab50281c7cd929172356a;10/02/2017;2017;02;10;1 trimester
1a85ae11f6e9d02317ed8b64a00f40ca54b799b902f10a775f646bcba200255e;19/06/2017;2017;06;19;2 trimester
b73a1f1d359cec9e08509451bc8a496cd2658423a93da12700f4d63abbf74f34;12/02/2017;2017;02;12;1 trimester
ba8bd3e76d931a39ae57b62586fd7bc2a905212276ed88bd523fd6d8c047cfc7;12/03/2017;2017;03;12;1 trimester
b8abd4ae3fb3f91c1c01284aeae93d75944de69f6cfcb9e54e0388a6cd74d60d;28/04/2018;2018;04;28;2 trimester
1f47aeaed74cbc4268eecae59cf01f30e78ba6cd12fa8a73a324246dad83983c;28/07/2018;2018;07;28;3 trimester
cb045c22e7041211e261d9a8262e6e83296d771c01cd4a501249d40d1f36cc6f;01/02/2018;2018;02;01;1 trimester
f35c1de623d799c3be05ca417675ea201418da36478a9ae13bd549cf798eabd3;27/11/2018;2018;11;27;4 trimester
687831df28c27ba384f87ff8b1372924e72a1d422965bd66e469986288cb17be;14/03/2019;2019;03;14;1 trimester
aa51d6d1cfa2527637d373591ad9dea1fd0864e4c2d0165aedf7c1eff3986582;03/09/2018;2018;09;03;3 trimester
c8d35da1444e865a75b04c0ed11ec4f0c4278bab48016819a2b7b614973593bd;30/09/2018;2018;09;30;3 trimester
9c95036ba8035744ea86414b4615d4187e268e564e144093d8d2c3feab605c64;25/03/2017;2017;03;25;1 trimester
9edfc49be96994d562dcee426268f7817068e4b344204bc5ebe692d8b3034f0e;25/01/2018;2018;01;25;1 trimester
1e57353c2402e1555c67cf3dc20a0c4112d41d12f985a38b257438081df2fd9b;04/03/2017;2017;03;04;1 trimester
4a0d4216898952b739c6672eda7bfdfe3bbe7b764ac17efa6457307211750279;17/04/2018;2018;04;17;2 trimester
46a9ba0dc2f4562c36addf02ac5fe8225b22a10dd24d717d32d7c98ae264fcca;26/02/2019;2019;02;26;1 trimester
6103e7a68e2d974fe5e4418f40ed827f173d627f63894bb744577ba52bd0faae;30/09/2017;2017;09;30;3 trimester
5671793e120fdf70a492cd5705c59fd77fa4fd743733379af39db25b1174fbd7;17/12/2017;2017;12;17;4 trimester
bbd29da19a60c986a4c55d4a5b22eb9fba5c36f9db0655625e7193b2d9aee54a;02/05/2018;2018;05;02;2 trimester
f86221d7919a6367e9437823049bace57514bce8e0a6c68a94ed8c33830aceb8;21/03/2018;2018;03;21;1 trimester
a7aa7ad53759e46c100f3eb84bb45a8202d5c6fd4bdad52e307fe9fe8e86f6c5;04/09/2018;2018;09;04;3 trimester
e068d54e0c410a54e42ba150bb5f86523bc2a4ea1753287636fd4117658449bd;17/09/2017;2017;09;17;3 trimester
966be12626251214d7e643298fd95c79bc9e88093d218cd8df665fd672697a38;28/12/2017;2017;12;28;4 trimester
7eda647e9b2f1bcd04d4f69bc0363f1a3d0810f56def45d6d389221652de70e3;23/06/2018;2018;06;23;2 trimester
39aa57acdbeff87a3fd93e1b4650002ed9a94e105f43f2efda37be60ee6e46e6;06/02/2019;2019;02;06;1 trimester
054c2fdc75ebe85ec4694a15d549e6bdf76a74b6059753fceff1bccc08bf9885;25/03/2018;2018;03;25;1 trimester
7e8d420cd970c40f1ac9c81dfeca92d43b90d27088538a554b40b1685de69add;05/01/2018;2018;01;05;1 trimester
c53900d203368dc1f202f065d166e45b6983883f71bbe9e84c3695eb160cce7f;03/06/2018;2018;06;03;2 trimester
99cce59c3c0b681a01e5ed6e1eebdfb43195dca3be0ed8434f01bd43eece2aa8;02/12/2018;2018;12;02;4 trimester
71576b95aa12a84fb731897151cd45982b608023cdeea73cbcd3c9846e922499;09/02/2017;2017;02;09;1 trimester
6f21a78444bcdfc17a8be4afe5dd65da0fb9d7c01e2bb9a47873587002dac298;19/08/2018;2018;08;19;3 trimester
d89d87b20fbcda87208c992fbcf30eb0f3415adb9b8bac7a21d824c5cb5811b6;18/06/2017;2017;06;18;2 trimester
5266b184ccd700a5341567fe6f4c896a9710762df4fa165067caa5540124a03d;07/01/2019;2019;01;07;1 trimester
d6c85caf736f16692663889e7a064cf2aa780b949dcd567cabadffe320fc4d1a;28/08/2018;2018;08;28;3 trimester
c0f9ae067875261bbc653cedce2892a97486a690069e8468a086b125ba29b4ab;11/03/2018;2018;03;11;1 trimester
5c9f5de8e75f68f13ac7a9006d986f2d713cb46181f340245fab3471c06c80d9;30/07/2018;2018;07;30;3 trimester
fca73b51ddc997ffa56a63216c9f9ea0dcbc73960fa0653fcb8a6c24f9eb5c9e;08/03/2017;2017;03;08;1 trimester
e2eed0955246f48d252b57f90aff63b2149d8807ef00e3f14245d1823168dd0d;27/10/2017;2017;10;27;4 trimester
9a117ab340def801ec746464175880eb68836c18edbdb3cf4397ce4a864bd1dd;27/03/2018;2018;03;27;1 trimester
63b48c0545cf9d18d273a45c613e0ba6cb91f6093ec4d026a57f02574a35d36c;20/10/2018;2018;10;20;4 trimester
52898d12004c2929601d5631597d15a52a1a40237e75652383517f561213e777;06/08/2017;2017;08;06;3 trimester
2d5ee984cf97af7ccab0dc0a64fc92782a68aba40596cbe77cb6d0678f44ad1f;07/04/2018;2018;04;07;2 trimester
e8bca2ee5eaa0ff1271cde5d1ef08408cd0b2806edb5a5d7f26aa4fc62e49219;21/03/2019;2019;03;21;1 trimester
112bb63c249316c0094f6b0ce61969052339ecc1504e71b82a51b73c07e7b310;14/05/2018;2018;05;14;2 trimester
f4db56abaae7fc699f08b96147e1a57cef5156e14ce37eccaa16228813dff1ab;23/12/2018;2018;12;23;4 trimester
7e1a8e1554078dcc829dad8675f2b74fcaf6bd36ba2ec215acdf0b729c40d6d5;15/06/2017;2017;06;15;2 trimester
ff1a9664c726dad67e0e4e3a178560f97b7f4628e3c455f0e3390db8f8c1efdf;10/06/2017;2017;06;10;2 trimester
6ec602e80e73c7ee9aba6a2e895f86a7d5c90531f4299cdba47b6faf27ddd9de;02/03/2017;2017;03;02;1 trimester
01c557647d65df170f842b812022b398779bb222ca4a446a8ba5bb35e0ccdf4d;11/05/2017;2017;05;11;2 trimester
c66cd61cea6e8051a34ba1d7af015ea4494e4e2148633cf71e146721ccaf3a8e;21/01/2018;2018;01;21;1 trimester
6daad4b4bd3fa025c79b42b5be06aea02adece2a7147e187e7e248f932abfa3e;02/11/2017;2017;11;02;4 trimester
d113463d379914f993454bfc1cbe1729ebc1a6ceb00806f0f986755ce18fb192;06/01/2019;2019;01;06;1 trimester
9f5807ed3809bff7a3cf4522a1be4052421989e4f80f82d635160ea321b433d7;31/12/2017;2017;12;31;4 trimester
7bb0620fadafddfdcf9bb55060552a7acb618679094131f5351a4a7ef2fd1e56;02/09/2017;2017;09;02;3 trimester
dc09efd392f57b0c581b7ee60dc5e8066b6efd990d26ab866b8fef237f5c4e59;04/06/2017;2017;06;04;2 trimester
010fd21de2c85655c5fc9382c7f84bf3b873da0fcef66edd73f0381a07eb3366;04/02/2019;2019;02;04;1 trimester
28ba5075dce23c3066ba85179984638ef6af1097e4d8820371905d189acfe134;12/07/2017;2017;07;12;3 trimester
63cb46b6a27e948be0b5b3906d1c09298dae3cbd19b2d500ad207a976c2cd3f6;08/11/2017;2017;11;08;4 trimester
4606da2a1d155624e463a0c1086bb5c7271e90ee83a85b362f1d1a8bdb5b1f81;01/12/2018;2018;12;01;4 trimester
4a60c14a0d9e20aab9881d7c7aa86c45c7aad1870a2b3a110b75d36b97b7a7e8;17/01/2019;2019;01;17;1 trimester
969ec478e02f72664575bb599fbf9ec50d7251860ddca0395fba7534b7b24a5a;07/01/2018;2018;01;07;1 trimester
3e1767aa7567a0be7e6141c876d850f615d752f594e8356caae64517284fe42c;15/09/2018;2018;09;15;3 trimester
6f34a7479101c7596a088d005e8cd47f2bbfb3f3c936c604fc60a42d07927061;11/08/2017;2017;08;11;3 trimester
b51febd7f737a7061494e32c56f1f68c5671aefb20c2ddd2437f030966a0149c;23/09/2017;2017;09;23;3 trimester
b7b8d3680735eb166eaebec566a3ad190fe1723ca8097cc6f3b3510d3bbdc3f1;10/12/2017;2017;12;10;4 trimester
85753cd31727fe311cdd67f3dfc434ac9980ac6894d1561e5017039889db1b68;09/11/2017;2017;11;09;4 trimester
3c19d4d461b5673ac1d1f86e48b43078732667b06441ad410024227bccd2389d;29/07/2017;2017;07;29;3 trimester
ceac7ee6ab29965299ec9ca0ef3edee6c0e4c5ddf6a8eb2a7bf9d405b777b195;11/11/2017;2017;11;11;4 trimester
1e6ce597ecbcbe12cf7979f37687b6e55df36ea873b202369930f156ee26d240;08/09/2018;2018;09;08;3 trimester
a6ddbea13731bc3eca960a7effef5057f475d81983e4cc7136e48329ca9b4448;12/03/2019;2019;03;12;1 trimester
fe0de0fdad5ba29abbe29eac4c5264a9975f6919713bace7c5ff3cb8c0cb4241;14/07/2018;2018;07;14;3 trimester
64d6284993160d3cd01b76825ffca12de0559be07a04e8bfe9be64661dfa1243;10/05/2017;2017;05;10;2 trimester
824abe2e6ff324af23865060d855466f35fb690ac0e23383a9a7deae804f9ff4;21/07/2017;2017;07;21;3 trimester
87a3791c5155f7e8978da7763725fdbc016add756edb2604e3ea565c5d563fd4;07/11/2018;2018;11;07;4 trimester
b7df19a47663932acb70c05ef389f7acdb633e30e862d4eb6a77ebafe1a28d6f;13/05/2018;2018;05;13;2 trimester
6930d8a96d295c16ff17f750dc8aa0c25900c9d019d883649ac3f92990285c1b;20/03/2019;2019;03;20;1 trimester
f2dcbf8e3367395295184964f885ad4ecb1463e165e07dd368a4ff5f73f40dc3;24/01/2018;2018;01;24;1 trimester
756b0c8e27330a3aec4283f3ba2636e0866f5d61cb517e48069bbd3ed0eff9ad;18/10/2017;2017;10;18;4 trimester
fb795e2107bc2e89a634c04cfa6876f1a2b80ddf297c167f3d160abe2554df45;05/05/2018;2018;05;05;2 trimester
e8e4fb9e5f912265325eb6ae476d536326c8e1bcab6538b9c2ef5c802b5885ba;21/04/2017;2017;04;21;2 trimester
793d548a33d47f0dcb269271713975e275408d9081c69e0604cb269e35946655;11/09/2018;2018;09;11;3 trimester
a1cae2af4806dd5e95cb89fc48c61bb77b2eb8990952b5b3701f492acf7f5604;24/10/2018;2018;10;24;4 trimester
9ebbdb44eef5350b683f5f53cb0067e293f9fe442b068b472ef258c8d486ccff;18/11/2017;2017;11;18;4 trimester
816c20e7896eed16e762255b8305a5025a3819014b436082783fcb2e8ffe7f24;10/01/2019;2019;01;10;1 trimester
9d048542f6915b7750b60362629d501ce59f1dae512d0dee4826c3241f7ee0ca;13/02/2019;2019;02;13;1 trimester
92f0d13dbf63b3d88dbefde6fa66649f4a21122ba0e5d1bb22b62683dc85c8a3;23/09/2018;2018;09;23;3 trimester
423fd486bc0f918c3f521603ddb9b9785b1a3e7aa8ef8080423c7abe7a4c7b76;14/04/2018;2018;04;14;2 trimester
ef08e74f2916db317a51c042f36751ecc4f0687df6b70959c006c423bfdee055;01/03/2017;2017;03;01;1 trimester
b12ee2cf8d7c05230b48d21502fdf65ad16f814fda8c1d312bad6db730315a3d;21/04/2018;2018;04;21;2 trimester
f2637e0b1308a6c5a21a75afe6d4787af0ac4a3aa9e9842f9224edde47313be7;21/07/2018;2018;07;21;3 trimester
ed8efbb6cde3f1009fe662fedc4da31271b60985eaedd1d96f4b670de751d2cc;11/03/2017;2017;03;11;1 trimester
97bf54e6765bd3af7801eec2e3e4464ae9d308ead2700b283697c9102cdb7b9c;27/06/2018;2018;06;27;2 trimester
1115d320285dd22256bb4da2a5ce40ef66f5a6cba9c22d4c8d46eecc0f4e1005;09/12/2018;2018;12;09;4 trimester
b55838dbd58dae6eccf901dc01cb280dd73fe3a50e4ad287a04a759f262393c1;28/09/2017;2017;09;28;3 trimester
48e8ee8c27582e3333b66009159e143491227d4e916953bf13c18513812e9cad;24/06/2017;2017;06;24;2 trimester
97a6c4bd3c4e533a1c3fc137271079205e1a265fd6981b5c7883663507c1c90a;23/08/2017;2017;08;23;3 trimester
cba2b2480ef98e440dbada129af6370e64ef545fe3ac1ebc3c6bb3f12c75342c;14/01/2018;2018;01;14;1 trimester
416a78dc333675d4261a7bbb7ebb9ae247a0c6d182681a508f893acde0641277;05/03/2019;2019;03;05;1 trimester
b7c9f9395d8813b1b326f2eb585f11228857f33d94ccd3f72399855d3fd05759;03/05/2017;2017;05;03;2 trimester
9134e4a8497a21369ce591443656e6cd1297d581d5a5cedc0dc0aa60b0fbb2b2;21/12/2017;2017;12;21;4 trimester
d0fe4ac3fe631447866ab6db80e4b718284ba85eec0432233a237d515954e026;02/01/2018;2018;01;02;1 trimester
d5cfc47c95caf16fb61fadbe5c68d195660d680361d278f8f08acf24e4d82d40;08/08/2018;2018;08;08;3 trimester
834fc580b1a7c655318b4201e7ea698316e6911e1e6e484652ecf08fa3260059;06/12/2017;2017;12;06;4 trimester
939390469cca4882b33c7cd7315ac20da65e2c02845d54b849ff65ae46d08ffc;21/01/2019;2019;01;21;1 trimester
b86a2836104018612d86d187b79f9177514666d1af9afabb28c2d400264ac549;22/11/2017;2017;11;22;4 trimester
2a3a401ea88b22a578dd3bf1b15cf16a431a00c29c60eede00c3d804ed9a8106;12/11/2018;2018;11;12;4 trimester
c7882336fe803da06c5cb88f9e21d01b4415c6ebf4f9b4312dc72879a04daf3b;07/10/2018;2018;10;07;4 trimester
8fb0452d08f30530e31cf1d4755868bd3b54d291c530ec93b8257e98f7046c31;10/03/2019;2019;03;10;1 trimester
a92a6ea6270e2f499a68be32949e829baef0fd1be3103958624432de74dab254;14/12/2017;2017;12;14;4 trimester
90734d952baf231dcc084279a49b7f7f4419430b5663e520f55e0e4929d1b86c;26/07/2017;2017;07;26;3 trimester
2f61cf434243ab7db5ed87791921fa6b65a9fe831324d2d5acabb6b797857ff3;09/09/2018;2018;09;09;3 trimester
2c9e34963a3badee4f0f1481ccc3e4db84c4b75391ffaad8603ba19d84ce58a1;12/05/2018;2018;05;12;2 trimester
8db0b121e3663013d581e04b1207fe84bd26705e129fb5c3963da0c65b0d8a17;12/02/2019;2019;02;12;1 trimester
dc9422b75cb24ef3acfcbafb0c0f48868de8a32098e8491d406c9dbea1dbe9ee;25/02/2019;2019;02;25;1 trimester
6eecaf6511e08ac91624cd7da74f06d639cb3eeda69644c9f5892512ddfae733;16/03/2017;2017;03;16;1 trimester
69bf176da0bc3484415c7d2cd6a2cb52236d28941c333f1e214c39f3016de278;21/06/2018;2018;06;21;2 trimester
7f2493a735fa5653e3f1ad293acfbc2669f75196fba57849c7bec9209b9a1271;08/09/2017;2017;09;08;3 trimester
ca488c1411efaf1525852cc64718dfab29b8b006facad8bc2869054b230bf7db;10/03/2018;2018;03;10;1 trimester
e063bf1ed1470de05e95e1cb9c1e1cc0454c83c473f87ebbe96c061541d6aaf1;24/01/2019;2019;01;24;1 trimester
0789ed40dec5db86464c0ffbf02405e3c087dd9eddf89b7ae27715aa2a8f1924;13/10/2018;2018;10;13;4 trimester
15f470c28d1fda1ff2eb71be38299aec8df65dc9a07e9f4124fbb0b519d721ad;13/02/2018;2018;02;13;1 trimester
13f37cf885dfb61f31d7d51e3a5c6592976ca7adfa0d82da4dd9c0a5b8249a39;20/11/2018;2018;11;20;4 trimester
73bfb53ab9be3e1c9bacea0dd7faf1ab28efd4e65033bc9de21c2237d1ba046b;14/10/2018;2018;10;14;4 trimester
1f5a7d961216bbc842c079889e16c369ca5f7e4a5cb1469016e4843dbe656cf4;19/12/2018;2018;12;19;4 trimester
810e982f0555ad514aeab2102551ad77c64d5494e9426b7983b90b7ce997f7c4;30/04/2017;2017;04;30;2 trimester
bb5ac2f30b8ae2a63ff9a28664766ec200a0d61729055cd1d1781899fe994182;03/03/2019;2019;03;03;1 trimester
d3e3077f51beacba8283c64f6dd6d6e0622fcc68879fb2931480a20442138c84;15/11/2017;2017;11;15;4 trimester
c915fbb97501074b22ca56fadcf325e609a766b553a922a4114f50b1669c0516;17/03/2019;2019;03;17;1 trimester
3099ce63e86ef601ce93bceaa7d932c5bb332ef19b25b96f0422e5778b53fc02;22/10/2018;2018;10;22;4 trimester
064287bc99359dd1fd79cfa3ede35b0be3e2c76396f53f8f3bc814c1885dd5c5;09/12/2017;2017;12;09;4 trimester
55e78ede5c1eca8888605aa3a6807e6870b541736c30e14e63fe73f4731b5349;18/02/2018;2018;02;18;1 trimester
518bb236b4be0f0118786e5f7b93ef691be2db74e9ba6301c01349ca0b5298db;23/12/2017;2017;12;23;4 trimester
c6059421106c0f6b716eab0b1c8c119323fbc811ae9938ac66301f0253b17c13;30/04/2018;2018;04;30;2 trimester
f6969eaeb790943f7babce975e57f9724b94705f372eca599f8e15ee5e6d8143;07/07/2018;2018;07;07;3 trimester
9517ef4fef7311bbc43760887813ec0608ad097d3ca93c850686f808fadb2b9b;15/10/2018;2018;10;15;4 trimester
1bb4ff119689457bf888326cc35507fe2f313bcc75d90f415ebf4769bddf7091;02/09/2018;2018;09;02;3 trimester
bd0ef90323488f725db1a14e30c51bb301e405a88333b8bd9c7a3521efd5df99;01/12/2017;2017;12;01;4 trimester
65283ec645a6036067a73ad28d8e5354abe87a490bd457359f3b36d28f0af468;11/08/2018;2018;08;11;3 trimester
2ba78dee760caaf1e1b349b514ec0ae56c55b2c0910faba97fae8e47cf12ce77;29/05/2018;2018;05;29;2 trimester
a5136576353fd18ad77e475dac90475f0df799aec3eabc21099009d24c006c32;29/12/2017;2017;12;29;4 trimester
96d3718935ec3eb890837eecc07be56b08884cc3ad5195968d18ae40fd45a5a6;16/02/2017;2017;02;16;1 trimester
b363e91b413333dab026f7a61a0d2b18a4ff34268fb718d5f97b20faf6d96e4b;18/07/2018;2018;07;18;3 trimester
a746b32f039830bbd753cc35f63a3fe9ac2567497c2ee5cdf5df7f18f4a0dce7;24/11/2017;2017;11;24;4 trimester
f02177c8210c385c62839624f4fb1becb1fd48fab4cee59e9360940af18cf75a;29/04/2017;2017;04;29;2 trimester
235e5ef277e52ca60b2a5cdfa12f1c69108d55d2f0e2216b4187ee8b9144b420;10/11/2018;2018;11;10;4 trimester
612aec6bf5dfc369ff1f649abcd301950ff4e8ef10553be4db55c5b0c4a76af6;29/06/2017;2017;06;29;2 trimester
f94d696804d2439f748fdbdc127f525cfae6587adef42115e2882307f081891a;06/10/2018;2018;10;06;4 trimester
6d236ed1a1fd6f3c2672692ba8c32a5122267b18c0b6d298e7451828ea317da5;28/01/2019;2019;01;28;1 trimester
0878b7e21c0cd3f8a48349c9aeeff8ff57dd8cf910be4cb26ade05f856938f29;28/01/2017;2017;01;28;1 trimester
02edf1d4c752b7a7a9a784c54e918bdab6cc99f2a1c7a3892bdc1f3a07a03568;06/10/2017;2017;10;06;4 trimester
64475e1c10655e272ba6ba53cafca7df6df1006392922f33854e6f297fe27b3d;13/10/2017;2017;10;13;4 trimester
19d5f67b053808ffe5aee1bfdf9eef81565b5651b49062202627eb24ef046c3e;22/01/2018;2018;01;22;1 trimester
1f09b613f050fc4340c93106b7fa8778cf7dce8614153f3a0cf0fec5d614c98f;08/05/2018;2018;05;08;2 trimester
cf1ba8ba42c08ecf96082d82f41349ac247104d9882c911a6d6b5ff5b2f754c1;06/05/2018;2018;05;06;2 trimester
38d5e1d3d4f546224955328f0128817802248aaacf6fb3500916ecef1e673608;07/03/2019;2019;03;07;1 trimester
f885717f93ee1967012ed576ec00d706fe37272c65270d3870d67048049be70c;07/08/2018;2018;08;07;3 trimester
44a3fa6f2043ebbdb9cfd716ba67e0ab6042fc296446aa68e9330c3dd5e8be4a;25/05/2017;2017;05;25;2 trimester
deab98c560f44e4d6685b798c602e8499decfd780ff5f2e231130d09d7e35c39;01/07/2017;2017;07;01;3 trimester
08d46c13b2feb972d1fb8e15235c57d1fc9044e9e8445167a5f00632e1cc4912;02/12/2017;2017;12;02;4 trimester
2e8e3f421151603d3305f90147ca2d06ea6ee1e3ba3ec08dcc0ba4c839a485d4;01/07/2018;2018;07;01;3 trimester
b988509dd0f6780b7cf23e2c17f0bf02a1647ba3583b20d4ca8c6ae4b3fdb473;13/07/2017;2017;07;13;3 trimester
742a2edb976b24681efd6749d0a63855c7ffb517fd1c56789b395b09f877993e;26/12/2018;2018;12;26;4 trimester
7e465d748d069a2345ce3ba970fc7903549b0d95ee3bbc347f5361688bd736a8;26/03/2018;2018;03;26;1 trimester
abcd0b4863740e8ae8f54e4b2f805592abfe0be5c657848a1cba70ddf44a4118;09/09/2017;2017;09;09;3 trimester
671767f737ffac5bc1049467b203c30d8328865835183cc677febf38616819c7;24/08/2017;2017;08;24;3 trimester
b05f8c1450990245d4e1e8c1ba94c31c01d9261262c2eef1d89c871be1149a86;01/01/2019;2019;01;01;1 trimester
5820438c9db32b726c70f55309e732fabd49a9f8709981e2ef71d36597c884fa;25/11/2017;2017;11;25;4 trimester
94e52c12ff111ee2bebc0ec9e3481d1a6323a33d00671674f134b8d3b28ca5d7;05/07/2017;2017;07;05;3 trimester
fe4194aa167d63963b162eda3890eb02b5e400288a040ef489c4dd7f084e33ed;24/02/2017;2017;02;24;1 trimester
af3e0fa349f97e129f3dca6e634ca24d6407655fc1dd1bc99caf5761f3a6cc7e;27/07/2017;2017;07;27;3 trimester
66c70599ba03cacc4979b116953bf5deaa08d2c76a41d3d270abaecdb00d3771;25/02/2018;2018;02;25;1 trimester
9fb7fc3a1c3a5e17ae4f57ad81fdeab4422ed97c25a69a27d52a7c53679ec3f2;25/10/2017;2017;10;25;4 trimester
fc6a3775a0376779b0bef921e434c88532051f651e49126f427e76ee1b24dfb3;12/06/2018;2018;06;12;2 trimester
79b48e80424a7cd614e19a2ea9ce58bab969fb356cffad96efe362bc0a5171dc;09/01/2019;2019;01;09;1 trimester
96ae8c74ed6aaba88c66467e2e4f0ffa4f9731a8dcd63b34ef9c9415e30e25cc;28/02/2018;2018;02;28;1 trimester
4a2bb0f779d33d29d300c32df4f4864ad576f8cd87dbb12baf4eaef62377577c;22/08/2018;2018;08;22;3 trimester
56b2c995ba489e786ab3353cc0f341abe830129696faf5cda0a43918a3e82f0f;22/01/2019;2019;01;22;1 trimester
2094f13dd15a10ac95c7d8e8df2daf795a4f9d3975f1feee14cdd77a66ab1369;20/09/2017;2017;09;20;3 trimester
1f0d7eea1e7f02e8b62514e08b7cee75561a5ac47acf423f31f99f40b3e2e33f;11/06/2017;2017;06;11;2 trimester
e3463be7647063ca25b7df9795f101c72b1fcaf23fe995ad462837607a1d3c4e;25/04/2018;2018;04;25;2 trimester
5277f92d18b1a93a6b19de975d44c960ed3bde968781f761dabb8ecd25f5e852;10/08/2017;2017;08;10;3 trimester
85767bb471c33904ad5b19390c118a28988d4de92fa00d348b7b1d2258ff76a5;20/08/2018;2018;08;20;3 trimester
7123032b4342196862e1edb3be2031525cbcc8cced85224f45c7bf2d06e8080a;05/10/2017;2017;10;05;4 trimester
36ac01805045dcd8101e88e9e42d17f79532ac8bd283020f0455704776d3e225;15/05/2018;2018;05;15;2 trimester
b7bf8e40d33ccb0df33f53a7d8c886805838a9de26c40e41ae0103121bbd98de;31/05/2017;2017;05;31;2 trimester
2ecf56eeebad754a9b28926ca651a04aade410ef835e49b3d29a0b422e79015c;07/09/2017;2017;09;07;3 trimester
e2ad12829c70cee63899d22c1bee4b9ebb791cb1bfee6351b6570482e423fc86;10/02/2019;2019;02;10;1 trimester
6772f305cc3c7e3e31dacfaaf0305fdc75a1cca2adb3e99512a721e96cb6432b;05/03/2018;2018;03;05;1 trimester
5b73ddca469f9d603f90d0a28b331776ca8c0aeed7f6431f7b11989660d63a20;01/09/2017;2017;09;01;3 trimester
93f945fb8b6e793bbe0e4fee1d52ada8f462582fb17dcb6b152a4005080b0b86;28/01/2018;2018;01;28;1 trimester
3c0eacb4b23288238795d994e3c068d0a32ae5f9a503127e644d5d1c7b942df7;18/01/2018;2018;01;18;1 trimester
8440924278b233710e26d735452bdd44837a8f2d4b41a56632609b16a27c50c2;01/10/2018;2018;10;01;4 trimester
bb74b83529df535f61cdd6b4eb5958be9f9ee64065d9bedc5400dff1bd0aa31b;28/03/2018;2018;03;28;1 trimester
9d61785a874221fa8d9dca80927fbc01f19d7ecce621caf1ee772293c5a47c85;06/07/2017;2017;07;06;3 trimester
4e718554b0f7450719a0e070f1f95d938ca220fdab94c1ede2fc61b5184ad8a3;18/11/2018;2018;11;18;4 trimester
1ad36e934cf3d4a12c8fcb2da04f9d0f197b79bba4a2c76fc1d04dac9d70749e;03/03/2017;2017;03;03;1 trimester
516932378be23aee85e918a6a3b86cb303431e63d53f3198ee920debcc0076ee;17/03/2018;2018;03;17;1 trimester
85f38e85b00b74a7e3ed85fcfb94b97773c5df1ab05c96e64eb300e54fe8f3a9;23/01/2019;2019;01;23;1 trimester
fb1d5bff47cd6704373be3d44950f0e1258e472fda96de1f801ba423407af6ec;17/11/2018;2018;11;17;4 trimester
e172e2c7072b1ca432fdac8564515fc55162dfd808c3108c7a469b69aa74ba38;31/01/2018;2018;01;31;1 trimester
979d7c62f3a5bf5bdc49aa92ce1226f4917e896fb488166d82b54ad640a6adbc;02/10/2018;2018;10;02;4 trimester
006516410ebd98e9f50604b4ca5cd4cda166092f8f727d07fc6ed7b9a36b2270;11/02/2017;2017;02;11;1 trimester
3933153dcbd7b22459d93f314c21677206685c0db0e18739352164d162a4be56;18/02/2019;2019;02;18;1 trimester
827a7f1fb6c2f335d7e157c2fd31972dec45097c06e21f79c01e60dce176eb19;30/11/2017;2017;11;30;4 trimester
502d5be945df9afbaeaf76d9e507fcd8f0b16422f9be7b5ba5087d05164fc752;27/01/2017;2017;01;27;1 trimester
5a56d06dfac9b0625b41e7d06c068a263abb40e373b211456898c84e9bca2b48;25/06/2017;2017;06;25;2 trimester
163314af3d163a808f7a6b9027070315fee2676f324f366679f2709129b053ec;26/08/2017;2017;08;26;3 trimester
b67d8acf123c8c71c0a42e6dd9465d83eaaaa9cf66def9a486f52343247d9fa6;19/01/2017;2017;01;19;1 trimester
f26810251c929b3077bf110db823b15e0eba633726cb44c04c03c18b4bb48e1d;26/02/2017;2017;02;26;1 trimester
5f203df55efe097868495f687790134d6f49fc395b127cf7672259a3f6292dfe;09/06/2017;2017;06;09;2 trimester
e1bd9b539b05040443396245e01119c39e64347cfe767de6ec2d93d0ad54a131;21/10/2017;2017;10;21;4 trimester
b5cd558d06825dbf5b216e6590cd11904fdebec931f3d23e89d8b6043f293e04;30/05/2018;2018;05;30;2 trimester
b8630e5afcde32e0ef29a4555476c342b9afd112be653fef61f67120dbf15aa0;21/05/2018;2018;05;21;2 trimester
8b910354f9867a52d96dad981b27b16441eb13982967643b42ec8a30945bdbe0;22/07/2017;2017;07;22;3 trimester
16f4a59550600b4b7ad667a676241da86286b98c563aca5d355a11bc9b988019;09/04/2017;2017;04;09;2 trimester
92b2258079ee4f8cba63cae445189f1d9942fabaf46b80012a117d5a56005656;01/08/2018;2018;08;01;3 trimester
214da6c040cb14bb14ac8fa8fbba48148a6545e694de7971efa3bf3ea1700e06;26/04/2017;2017;04;26;2 trimester
701d75b2a9b91682e6e3d4891678db2898c99187127be80ab0d8f33635934f2b;15/02/2017;2017;02;15;1 trimester
1c1dcbb2fbaeb8eaf1870a4cd9b1818f27370231e7c73e4a7260db3f46de3258;19/10/2017;2017;10;19;4 trimester
528fd0520b4e9e845c8a96de9b75d876bc1794a869be7dbb0c9ce432421e07c8;07/04/2017;2017;04;07;2 trimester
9e394bab1f80055ac9a32fbe943c7c1c878913857a853ac37cc9da075a6ac75e;29/10/2018;2018;10;29;4 trimester
b04a9cefe35955c3f13e7b8a6f4bc33fa61e101c54773bf04496ee7b9770314c;22/12/2017;2017;12;22;4 trimester
b94e3d482e3aed0d6866b8ecc806c3661346f23a3883d703834a4c25a44c43a1;05/02/2017;2017;02;05;1 trimester
216696c71780922182d2460208411f647cc439b42932ebbbd1926a7ae3ce7160;19/04/2017;2017;04;19;2 trimester
aefcb00ec4f4ab64d3109adafef9bfdf84ac06e949d32d64ce7f146b0af02c11;23/03/2017;2017;03;23;1 trimester
8898955452eaa410d70a02813b3bdeca0714e2a8faccbff51a84cca0fbac8493;27/04/2017;2017;04;27;2 trimester
cb575cba419ce2bb2dd8d0cb8b7aafeb5fdab824d07144ba1ce21663956a0ead;19/08/2017;2017;08;19;3 trimester
b70d4cbf1318a21176e79a11f3d20f539b76aa86e70a73da127432df9db37123;26/11/2018;2018;11;26;4 trimester
7800e7d265492359e4e0835d1de900b69c8b858be4a8ceadca032de9883ddead;29/01/2018;2018;01;29;1 trimester
82324db3e7e847c91d65851d1ba9d8682d3f4e2a1de6a1917fa4f4b5607d7486;10/09/2018;2018;09;10;3 trimester
1fa4017cfb36d8e4735b216fb563e668ec41ba50f797ebe56da46cd630cfd6a9;02/01/2019;2019;01;02;1 trimester
0bd8edee6695c4ca4253d042567d8499a2078156896952865c17925a66296475;20/08/2017;2017;08;20;3 trimester
d3dc4b0190e436074bc93b455521667caba0a8df3f6a6c0ac3c324b1455b4347;27/09/2017;2017;09;27;3 trimester
ce9e5199d3191b64f83d261b1885e9e75fc9f78bf2a4d87bdc3a64c60a716106;31/03/2017;2017;03;31;1 trimester
d9e45a14985480b689428d4d37391898f4a02fda840f28bd6fb6d02680e364b8;31/07/2018;2018;07;31;3 trimester
f19131fe3c2442af9e2008daeaf90789a5e5353fa896eef81b57ee3684a42170;16/06/2018;2018;06;16;2 trimester
974c35002736b2a06c8ff239b58dacc9e07a691619a5182a33ab4cdb04daaa81;05/11/2018;2018;11;05;4 trimester
e95fe3b03cdb668aae517f74d18f901acd58296f9b854fff5db4e4690d05ee9c;01/10/2017;2017;10;01;4 trimester
b04d38a731a08de543fba0ab25b8f0ddee1463277c45222d0ca99ff77b1daadd;17/10/2018;2018;10;17;4 trimester
e86de73c63265e7510719247e429e046d95380512b9bd1de9c36c1fb75e38e79;22/01/2017;2017;01;22;1 trimester
15f1a83b00e173a392b5dcfe1d9bb7803309e7c30309e4091a8e95e7099028d5;26/01/2017;2017;01;26;1 trimester
9db7424d445683efa369079fd57e880d9434ef0686087251628aec1e050762e7;22/07/2018;2018;07;22;3 trimester
8533b5e685fa4d3728a185ae7465c33297ee30fe7c03541aad4fe03776094acd;10/01/2018;2018;01;10;1 trimester
7115949afdb5926ac8e791d4348593ae719a3151b4fb76cd0ca1c9611c912522;01/05/2018;2018;05;01;2 trimester
c5e5c3e1da7ab144daac73c620f00e9cb0c8c491fe078fe2174e0b302626815b;05/02/2019;2019;02;05;1 trimester
ee190c3afd6f646a058685351cf42f5a54b9af4a9656c71ea3e32aa1b0c0b889;16/01/2018;2018;01;16;1 trimester
0a32fe7aefd5b8e6c24db31ed4915a2e3e4933f625ff2eec97c6720b19ca8322;19/06/2018;2018;06;19;2 trimester
1d92dfa55c09ee51a03ec203a43794001d6541d0f555cbfe69242a0c64109671;10/07/2018;2018;07;10;3 trimester
8d2db10358b00a1ec71acf94284e31aec374a072792c74fd93084214995b678f;18/02/2017;2017;02;18;1 trimester
2a8d42948d38c0d955e8512c90c38f733821b0e1898f67d8c5637d99a7bbebc5;30/12/2017;2017;12;30;4 trimester
fc4d888a677de67c6ac6ea4f625d441d3119d01faa1a0b5644967891ac2fe4a1;03/10/2018;2018;10;03;4 trimester
711c3268cc4f43375f658754907e4c62cda9c709fcbf510bcc4225d456a90d10;28/05/2018;2018;05;28;2 trimester
c85f960947b36cab5c4f6564794274405f85d1bacbf3b2dd22876c19ed11361d;08/12/2018;2018;12;08;4 trimester
0ad013da0f362248c367117f0ae40412ab969e98b5749dab5e0743fefc24ab83;03/01/2019;2019;01;03;1 trimester
dbb5e8dc4cabb5e4cff65c530a3d83e958a54bd02a32eacfe86f003998e57dee;27/02/2019;2019;02;27;1 trimester
208d026b7943bcb2e82e1a2337d392f080bb31c432ab11cf168e7388e053c141;04/10/2017;2017;10;04;4 trimester
6662e36726550e147940d629eb3b14344dd20ea8fdc63ba1f5880bb55d0dd81a;19/03/2019;2019;03;19;1 trimester
72729f8859540a53f43e94b06e52dd9e520ea52acb6e955403fbfecad3974cb2;08/02/2018;2018;02;08;1 trimester
fcb066953436adedafb0efc690d50828c719997395130e8c72cfdb314c906a08;20/07/2017;2017;07;20;3 trimester
9ae18556f67c60f214a4ec95e157ece496c94b67fe1d96a49e1c82bf1106d702;15/10/2017;2017;10;15;4 trimester
cce2097b33d7d310d827c3d6814f4dea39657e84f32823746bf9de71e1d46ada;14/01/2019;2019;01;14;1 trimester
eb6f43140d755aae94059f687088f46c6e049413222d5f2b499e037d839c2bf0;04/12/2018;2018;12;04;4 trimester
2a520f8cc9de24f789c2250b000e61830d42f866f61144a571d0bb26e51c2bfd;02/08/2017;2017;08;02;3 trimester
98eb73e3d1850dc1c97ec221189b29254a08b37517586762ac38d8377646878c;12/05/2017;2017;05;12;2 trimester
7cc8c23b622d76c399645499f2dcb8596ffd4c27d63e0427e5735b9110f7a7a9;29/09/2018;2018;09;29;3 trimester
520726dfb12ef41f14cd2e956f0d6330d89844a8b9798adf2252dc43b3532821;14/02/2018;2018;02;14;1 trimester
715e695b25109fb45eee05e3a9c7ba9a3f612c00ce66dbd8da28bb139f22945b;20/05/2017;2017;05;20;2 trimester
7b9c6be4e1755d4cbb8e82f60c8d230c679b6199654c41611a4284f2b4370718;21/02/2018;2018;02;21;1 trimester
458b04bc808b391113d24531712354d5f66c5ec9621ab2093283d4448752077e;28/11/2018;2018;11;28;4 trimester
1940a4c5e88c682dd9549741a0be455eaaa571cf7d93220cba48d82624d74414;09/06/2018;2018;06;09;2 trimester
4e1d38f85fdf6175088a3428a2f84ca4fceefc2d128e9634b281c235264d350e;01/11/2017;2017;11;01;4 trimester
ec7656dddd52b2e0331ffb0c3f63902d9cbf79e41ac87ea6d9fa6b8c510c269a;28/06/2018;2018;06;28;2 trimester
98f4031c1ce5f34281160fbbaa74c3987dfeeafa248ff1150c784604525dcea9;23/01/2018;2018;01;23;1 trimester
e9ca110a0dce2b6008cf910840b64859a79e3536baa023caa34ab5ddc2a3de7c;26/11/2017;2017;11;26;4 trimester
81ec9dd819fa443aa8503a99ecbac14f4c4b0c6038c946c3b978345bb8236b55;24/04/2018;2018;04;24;2 trimester
a6e047fd47b34cb93079c0bab0ae8747efb07b4e379ffcb0d39eb7ac6b9ae89a;05/05/2017;2017;05;05;2 trimester
9d5b909456f227037d3c0c1436b2b7ec9a76d828a7c3981741f281c39c15091c;24/09/2017;2017;09;24;3 trimester
fff7e73616ede9c84e8982d5c5f5f7cf7d7932938212332a7d284219ded2809f;01/04/2018;2018;04;01;2 trimester
ff92816475369f7f0cd8fb52412ac3e2019cecd4760c54ffdd30dc1a55cc83a4;24/07/2018;2018;07;24;3 trimester
e7dabae9b69a88b62eb8efa8926c2b33eb6295dda5c6134211b409519390721a;03/01/2018;2018;01;03;1 trimester
67d34c7fb0604a3180f71a609fe98f769d908b5d0ed6994987d114a65d1a85ec;29/10/2017;2017;10;29;4 trimester
fb2cefaa5c3085f407f5858c0752769a3c3dd554587b65e10a7a841a36fff3d1;22/02/2018;2018;02;22;1 trimester
35baea7e8bb4d43e6e6b117d7cb8c6fb76d5ae683a9c13d7556bde58f711fc32;03/07/2017;2017;07;03;3 trimester
3f6c47ab1df7fca68ef172945480b1dd208a0c1e491dd13e42e8beae745a0d3d;24/05/2017;2017;05;24;2 trimester
dbd2855f61ce1c3fdac1139546a537d3b85bf4e944f9fd32e14410b90e0cf8af;03/02/2017;2017;02;03;1 trimester
8b78594560a1258d36f35407feee086a105c45fba84d4da5139b677de8e2b5ac;23/07/2018;2018;07;23;3 trimester
a67a8334fe399d950dfd1dc7b790cbec5971ae20b3f693fb97f257518a2e7b70;18/08/2017;2017;08;18;3 trimester
e871d2ba669dbece9520238307047d1c82df3331c9399c249d62129069bc8145;27/05/2018;2018;05;27;2 trimester
18e895bc25da5e28f543007974491c0673169bc0dd714326b70da568bb2bda18;08/10/2018;2018;10;08;4 trimester
de0c18f1e9a6161707e3f158a0a09c69e0d5d1210f4d0fb3dac5bd06e58d1508;13/11/2018;2018;11;13;4 trimester
446db3ca6d1c23056cb8b41947f143733e6ccff678a73749bfdab88c9c146c2f;21/01/2017;2017;01;21;1 trimester
680e4439427069214f23ddb19741c0f6ba105e3ebf5c8c057901316e76d5ac69;20/05/2018;2018;05;20;2 trimester
16150c86dd22959d992ce39399b593269c912fa79698dab102dc10a5c20dbead;22/02/2017;2017;02;22;1 trimester
b86c72152ea6ec749d87198a3ff8f737e32134800dd90db3234d0c67803e4b57;22/04/2018;2018;04;22;2 trimester
a4a6fd08e79724460fa33685674673a1a1882409907e8ab6aa3412283c8f343c;15/08/2018;2018;08;15;3 trimester
cf458c6df67b37b5c80c89868be93b89eed4c05aa1f9b8077652059b7aaf2295;01/02/2017;2017;02;01;1 trimester
50fc7f89471d3dc75b836b7c2e91d89618035e53064fb03f42ee19f533983ddd;21/10/2018;2018;10;21;4 trimester
51fdc2ba555f8834836cad587ce0373acdfeaaa8b6677f35e9972f4a3a25c723;20/01/2019;2019;01;20;1 trimester
13d3df123d398458b7b5b70b1a7860c15275f16e5a0e3b6da48a3b0e3ee0f070;30/06/2017;2017;06;30;2 trimester
609cf88ca876c1aa8d314d2e92f47e62c7f41359756bd24c9c9c21eacb82c1ed;13/06/2018;2018;06;13;2 trimester
b7248d18fc2b7a28ae589023f9c38c48219d8536f201192a8c46e3a185177633;24/03/2018;2018;03;24;1 trimester
44ab743d5198e566a5dc6b71788d3d59942d83fe971072e7c961309c6a31dc37;08/02/2017;2017;02;08;1 trimester
4b97d012b28eb722f463c3329cff3df93f6a59aacda01ea9717eeb577385e305;16/06/2017;2017;06;16;2 trimester
4801dfcb9aac5996b584279ad6133e89f757450b0ba22fbceb067c370d7b55ad;13/12/2017;2017;12;13;4 trimester
cfe89df3786241df18efef1f72daa9d50a0d6209499654d55ba40a23dbe826d9;26/08/2018;2018;08;26;3 trimester
4612979b35f97502b7bf1d52c1c49df5f4aa06f8ec1d3a3443c217ec3e95d896;01/04/2017;2017;04;01;2 trimester
176a47cf864ab60575d9f642a822bbe9691be032641cad07029eb4fca6593abd;11/06/2018;2018;06;11;2 trimester
4794eeedb4791ca295ed90033382a5d60e695c1df9a8c8f1c6d578d74c6794e8;26/06/2018;2018;06;26;2 trimester
86a0359606f8d498a91dab03fd7e13600d7b7a1628fb9885fb4f6dde070894e7;12/09/2018;2018;09;12;3 trimester
8439e73d657352b9c0a28703f8858acd8e6f91dab0907e016d165f1d9cfaf1d8;15/12/2018;2018;12;15;4 trimester
729e5df07552f61dd6294228c02e7ee99e6575ebf6acb1bc13302d0c50558cbe;17/02/2017;2017;02;17;1 trimester
3d2ccfd49150d737d9d429123052c0b6b73e122bc30e97acbc85c3f193d64c8b;29/01/2017;2017;01;29;1 trimester
2bbdf20fbc5b1e0e9f99ffd1f4096187b5221a2b7da0122c08c6c0f71cdd8ebe;06/11/2018;2018;11;06;4 trimester
3c667720ebb5adebdb1cba30223471e223d2221d7b6f2fb5bfcc8d47ff268635;28/02/2019;2019;02;28;1 trimester
12cb159bf9e2a016d7d5778868b6d93f13bdb1dfbe24e607ea4f08fd99ea2132;18/01/2017;2017;01;18;1 trimester
1c4becf3667cb7d71c0d46f1bf1cf6c152e6694a08e03173295ca24044ffd855;27/02/2018;2018;02;27;1 trimester
4ad8ec0978eb08d6258fa5f1c4857b8e0b140db4f86e6380cb1d46212fa16534;24/12/2018;2018;12;24;4 trimester
79230b3962b76b1e582d0a2e247e5200d70b96687e20ae5c9f7b0c752b6e9ae8;02/06/2018;2018;06;02;2 trimester
9d51d91ad6d29a1746a6cfc7bf221ae38a13e8d07ec5b8d87008ae158f8f2fb0;25/11/2018;2018;11;25;4 trimester
5a7b278cc179d7d3ae3ecb29501c766b6131bdd6e3f64ffca8827dd89b50a496;03/11/2017;2017;11;03;4 trimester
16c937e96213cfb95e93a5e6b72e2de77f23d1d178efb4ed2b544cd9254d3dcb;13/01/2019;2019;01;13;1 trimester
8a1506fd6606a2c3c97d2861ba3b367f126557bd2752f1a17923feedb0ac0abe;19/11/2017;2017;11;19;4 trimester
0feb5aedba160bc95895966abd96853f1a2243001b5e9f58673eef826079ac99;29/11/2017;2017;11;29;4 trimester
47cd8df40849246d35e7bf4cb539c6f306f0117b517585174cae12e022dc174e;22/04/2017;2017;04;22;2 trimester
323d32c64e81b2cbe80dcb8fc53285f42731a344f2f3b44351ca008c7bc8ca65;19/02/2017;2017;02;19;1 trimester
c72729ef3f2ecc0e452bf972068ef4b6338a20237287816796f63ee9c41d5635;04/02/2017;2017;02;04;1 trimester
10201b4126037f662057bad6168be8162dc4747bc7b292dcd4d2668d0c9f60db;05/08/2018;2018;08;05;3 trimester
9d08578f89fe345daed7e11747b4c8b98b2f98db5535c75f81c6ce5e3c2f9759;07/10/2017;2017;10;07;4 trimester
ad06d404336d9f6cd7dca38c182a2109eae4733066c7c86e0266fcb7853b43ac;25/02/2017;2017;02;25;1 trimester
1497fbf8778416875e2eb0a7a4f675f3d1bdbec3107f43d735af91a4a81f648c;30/01/2019;2019;01;30;1 trimester
4bdb67a81e26698959f08452fe8f593371c7a99bc024e1859aed485572bb336e;03/08/2017;2017;08;03;3 trimester
4737165af4a39e4235a1fe5e9ac4aaec2d2944ca07a4cc0913780c3ebbd8f94f;09/05/2018;2018;05;09;2 trimester
44fdd23704a1c8963ea4ca801120e118f69eb727b2935984b6e83e6a78c7cc1f;17/06/2018;2018;06;17;2 trimester
2b85ef194d08503e0fe061bc551d3db1bffd35806e4e6635ee2798e2c5b40f40;27/08/2017;2017;08;27;3 trimester
fe12beaa4a98a242e72d8dca10aa62dfb96ea8ba2393fdf15d927289a1969dc8;12/12/2018;2018;12;12;4 trimester
5292d48c9aabd581e94a7d9c41b26af0e2f73167d7bc8994598925d963cd0b9b;11/04/2018;2018;04;11;2 trimester
bbab885562ef5e705cc08199ba51e5f648a47b34b368974ebc5b4de93555b104;18/03/2019;2019;03;18;1 trimester
0a910b2db73e580b1325d93d0cf36d65a97162d2b3e589595477d1c99e07b455;07/03/2018;2018;03;07;1 trimester
05d4f4d151491efff3d88333772e671d8e8ae156535ecd41094153eb05450e4c;25/01/2017;2017;01;25;1 trimester
57da70dcd6778e97afe82938931d33a83cece869e74a418aaa0fb9cf2f0df765;18/04/2018;2018;04;18;2 trimester
e5e93e0836336df78e5ff8e89e4ed933ebe7875cd56bbdf80b242a022088a520;12/03/2018;2018;03;12;1 trimester
a93ebb3aac853255c157a807f6f52d68b0704e96417db022cb3fdf2c6a6b601f;29/08/2018;2018;08;29;3 trimester
a566cf60d05c60684609e55da615e7bb7295d6399040c26ad4ceb5903d146888;18/05/2017;2017;05;18;2 trimester
729e0f3ac63c1d6b5e06a312aa65005daca6cc233fb61abd9eebd42aa9de00b1;15/09/2017;2017;09;15;3 trimester
468ab1f0974d1cbac665277779b7f92d1cb5d050548c07f1ef608daf1ee927b9;18/03/2017;2017;03;18;1 trimester
cdb019a8b9725306f038b81c7aa292a025c59b8e5aaca080f20b4308dc3e61c1;31/01/2019;2019;01;31;1 trimester
73aaa7df8c441f3d468b62588757ab76df77f8a7f8dee203bc2eeebe7ad35ddf;12/02/2018;2018;02;12;1 trimester
c7d91045889d111ea3cf975200721a17c131c66d8b4fd4e22899a2c21a3421c8;16/10/2018;2018;10;16;4 trimester
cd4bbe501dfba2a3b2bc97ce4c3f0b5e8df01ad93beea11bef7cf16f9e551905;26/09/2018;2018;09;26;3 trimester
da82f82a6a09bf4ff216717e7d6f5b26e337842815a7f21ac938ccfacf14f308;10/11/2017;2017;11;10;4 trimester
eda2f13fe59d33ab2c24290404f2e1b912e44dd1b112559f0eb7eb51696d6576;28/06/2017;2017;06;28;2 trimester
df76e0f4a9f891350be0326d1d135f53a79c63a50e75bfdbf5086ebec8c350bc;09/04/2018;2018;04;09;2 trimester
9c227e5dcc577e64526de34cf07c0f64851f7491c6df161541e348cb9fcd46df;07/06/2018;2018;06;07;2 trimester
268bf530d526e75d5a820d65df08608f32b7d9dc5f065fd8cba9005aadb388ca;08/10/2017;2017;10;08;4 trimester
377d8e940acff4b9461d17bfab4f986573f7812d1372c1fd3a6df449c096dba3;28/05/2017;2017;05;28;2 trimester
667cd3487cf8a557dfbf80df8d511c05377da3fc5d881b6f06d57c801fc7c859;09/10/2018;2018;10;09;4 trimester
2c53bd9e780a6c2ac73bfb9e7d80e7630c3ba797f4037e83816bb1ad8215a1a4;25/09/2018;2018;09;25;3 trimester
67ea1c7378b37b11e579162a775174ea74f42d2eaa4bd7b0d6d8a700ba6897f9;28/10/2017;2017;10;28;4 trimester
f0633c72947ce85f4e3dfa7d07c1c374886cb62a8b706f07c1c794565004ec15;11/10/2017;2017;10;11;4 trimester
3fc862cb9314d34e022ee0baeed20ebc54b5ea44ab0bf93c9dcd7813135f8721;19/05/2017;2017;05;19;2 trimester
54e862e6e920b8ee948f71d1df2d3a1443b5b0b6167378ce255350ca1a48dc24;02/06/2017;2017;06;02;2 trimester
3f6d114f4036d5181105b86f0f7ae296a3bcb73b8b94b769f01e197844a784e2;14/10/2017;2017;10;14;4 trimester
493056d6269d04a31e235bfd9fe148cd7ce52643cf571a5b5eeb2615e5420dca;24/06/2018;2018;06;24;2 trimester
f1d8e70bb4f187d5bcbaac88559061c4db9b98b1a72d03e5ccb821be1d96869a;02/04/2018;2018;04;02;2 trimester
d0478e7571f8c95446fc71490f0758fb9c62ec4e303281a29f7d9b8736878fd3;20/02/2019;2019;02;20;1 trimester
c922fbf5de467b2f932f7ffa313a598911c666e44e383eeb8ef7763ae922087d;29/03/2017;2017;03;29;1 trimester
940bc878c92fca5668627f66a95bf4f11608a4c6ad359552536da2f6b916ab97;30/08/2017;2017;08;30;3 trimester
1a0379770490a49fec3e63a84e8be57a6ebd19e02d137289d16a6bb76ce60eb0;21/08/2018;2018;08;21;3 trimester
0c2959c55d3703ea741291ff2e617ffae76c1b2361b21507d81826c5fe68c47b;13/03/2018;2018;03;13;1 trimester
9c321c3ea68d0af60f4bdf82ae26b9528cb5aabf1bf0096fcbfb70ae47206c21;19/07/2017;2017;07;19;3 trimester
3b1c1aee7bab270857475ce27990a9570e9611c700a837066571788c09eefbcf;04/08/2018;2018;08;04;3 trimester
1764483f23876379c7e480115d26f8a8f35652d88cce5c5ccf9687281a163e49;23/06/2017;2017;06;23;2 trimester
f77ca5daf328d119155025b5847e6bf48e45b7f5524e55924e7ede206ef8f24c;08/12/2017;2017;12;08;4 trimester
3eacff222936585f0cf54b8f1fb0c7b705bf5f56b1c02bdc4ea8ef498fb9b410;09/01/2018;2018;01;09;1 trimester
c87ca6baba81a050da9e0501ed7d5be77ddbcce4346b9323f9c59621e025cb1a;20/01/2017;2017;01;20;1 trimester
5d5061fa494cb58778e2bdcd1c989890d3700d1964a3355858962172fbd43a5e;10/12/2018;2018;12;10;4 trimester
04041094aac949d2be2ca394f1ca7f49037fd718a62f24fc10302029124668cc;17/02/2019;2019;02;17;1 trimester
04e4e5ec9eb813c96686319505aa59cc6beaffcf509c6b0ef97670e1aadfc352;24/11/2018;2018;11;24;4 trimester
68150a399d46e88e4de3c3ef870deb5d324e8ac27d06044630dc250ee6f4f30b;12/08/2017;2017;08;12;3 trimester
1f216bc08b360515ddc457481b2a79c51375b6e7c2419d0fee580ee6cc2cb79b;20/02/2018;2018;02;20;1 trimester
8254cf8b3daf5c800c1928344abf45df05fe1bc033a40447fc0e47b8374530f0;27/12/2017;2017;12;27;4 trimester
dd37d1f65f0ac3f58296e24f04498abc24a0a8d1b92392b75f21c2664d5e815e;28/07/2017;2017;07;28;3 trimester
b9499aaabb2f7c1327d2c2ec3aa1adadead33f02d53798ff96317a93ff5e86b5;10/10/2018;2018;10;10;4 trimester
1d6c3d6460afff36ff9f6673d76bb2f82dbc2cf55ae48f7cae9cbb66f223d5d9;11/12/2018;2018;12;11;4 trimester
6b8399630e39d169fe8caa167c3743a1db3bc0eef3ac1c08ab54a1c1d4d69958;27/10/2018;2018;10;27;4 trimester
1b7ec4d9f31e95937925c3743cd055999d849b8443d481629bb4dc389df63b3e;21/05/2017;2017;05;21;2 trimester
c94908c72b3dc6224c8de412ce9353887537b3e29aa6f301788c90f05ed66f7a;17/01/2018;2018;01;17;1 trimester
0621591e0a8b9781302e91883b30c8aad60d2dec0334a9a9878ca263d3507708;14/08/2018;2018;08;14;3 trimester
0a511b625c6b9df209d5724659b90248199053d8b8870c36c5155475c3420bf6;09/08/2017;2017;08;09;3 trimester
19bc25435ca6a7dd28febde0b61a2511f6563ad0cd652721c09ca6a35e502c8f;12/11/2017;2017;11;12;4 trimester
14d1ed9383828e8af66c61c74bae6fe0425910507c0b4e38fea2de7942cc70a4;12/01/2017;2017;01;12;1 trimester
1a10429d88e54e2120ea8d8fff408ec742f5daeab9576bec121122c3573346d2;14/04/2017;2017;04;14;2 trimester
c3e8f97594863d027130006e671e8ed3868b6be159b071801fb9d47e1f728f79;02/04/2017;2017;04;02;2 trimester
5bb768858760721797098bb8265657b79ed675176575a4b4d625a56a76ab17da;07/12/2017;2017;12;07;4 trimester
886a66b117f40d51c67c70eae55741132b31c8512fc5e99acc73adaca929fee3;26/05/2017;2017;05;26;2 trimester
3b16ecec97f69991d57c79429177e1b35f6ab039e35d05b32fe4bf9ea857690f;14/03/2018;2018;03;14;1 trimester
d8be822725a10d3e0e16eee78e7db1d23cf2ddfaa5c2175843eab6e40b43a4ac;08/01/2019;2019;01;08;1 trimester
48c284e5001c8a370cc93d72c0dbe63693094f76026b7359961feb68dd76ae84;05/11/2017;2017;11;05;4 trimester
cf542d7a3ec2646e069c9b57a8f2519b746ba36a1c5cec44c9342f001abec72a;05/04/2017;2017;04;05;2 trimester
245b8d5f865020ce268ef2a9c54af2aca7f4980a7a0d2c8ca6a98146a1028222;14/06/2017;2017;06;14;2 trimester
8dabc9f43da5cfdd65552f023a5411da3eb99b8e3c7ce003e10874c439a6fc33;29/04/2018;2018;04;29;2 trimester
499c5e4cf03d2a54c45f2fcf0b69366365f835caefc9022ec38551e4c6d487a2;18/08/2018;2018;08;18;3 trimester
8c9f2b73a2b0a6df8d0259caa36dbf1a34deb635fdd248dffa6eccb1e43f5883;10/09/2017;2017;09;10;3 trimester
0206732023b37f3f8e81be4ae63ebdec26a9436f08a35940b1e333634d175080;13/03/2019;2019;03;13;1 trimester
98bffd8793ccd80f1ce9c96e8e0eb09e8b3249387047828e7dda43ea9d3f5c66;31/10/2018;2018;10;31;4 trimester
c518f0ae1484650609fb8bbc85462289e11ccc5d23e598b13f192e4e99eb2c56;07/07/2017;2017;07;07;3 trimester
5c8eba335453780bb1582f2a01731e4efa47ea7c29d35f4df437e0129ada22ec;29/12/2018;2018;12;29;4 trimester
a84453f102aab6dfa7cba0c00cd88264e64e06e8009ea5bed5eb8182b098ba17;02/02/2017;2017;02;02;1 trimester
8f5248222bf1f9add3856840a1eaadf7be3b884745a4b15c2794ca7eb1f81db3;18/03/2018;2018;03;18;1 trimester
b7236c449f2452f9357db90998a9bcb5623c9d7467fb01ef1d6a84fbcdb68c49;23/07/2017;2017;07;23;3 trimester
b6c11d522c54e83bc7245e6d779f5fc24c5f589ae99f3cde82c2ab7b35b0c448;03/11/2018;2018;11;03;4 trimester
bd6a8f350293d11264a7feb457746f287f7a402280820439bda7683b1ce3d003;02/07/2018;2018;07;02;3 trimester
fadc19a837e5e6bb1530051097fe7e3fbc5b6d9ed56d947597b05e3240f01e97;03/12/2017;2017;12;03;4 trimester
9cf7fec051c314296200fcd21fef311249db41ba83529988fce63359f19e23f3;03/12/2018;2018;12;03;4 trimester
fe7a1deee2acf66cf04055fb8d281fae7046d11cefcd7317802de6150d3952d4;01/06/2017;2017;06;01;2 trimester
b16d30b51ac5f7f4f1dd1a128b902e20743acbeb75320d2f20b925045eb0e3ba;17/12/2018;2018;12;17;4 trimester
26011c9fbba255d184225bdade2568ddcfaccc1c1f10aac32ebd337b6831472a;04/02/2018;2018;02;04;1 trimester
82ff363e8753e2bde04230e222182e2937f98484427b31926a68c592dec24658;14/07/2017;2017;07;14;3 trimester
da04d61f20587ad2fd7f8b268f928bd69f7ad60c135e27f9364badd55c4a7dbf;16/09/2017;2017;09;16;3 trimester
a386cabb14bd2761b0c8558b9ec8c346dbf4d2bc1184ba90c37292d75206ac8c;08/01/2018;2018;01;08;1 trimester
af9260a3e894cac9a1330c6dac80a25c06cecc028e57ab597e242d59286bb416;17/08/2017;2017;08;17;3 trimester
1bf899a510749dad4a233aa8936b598b2952f03a92af79b903c54e9bc7500599;06/09/2017;2017;09;06;3 trimester
502e1d1e757d81c5b28f95f0f3b7ffe67d1ceb0c4e5b7430184c6e821adb3be5;12/08/2018;2018;08;12;3 trimester
cb15d51f3587c915d5875291a7a646fd29eb6e7da5d24913fc93bf56cc0ce22e;20/10/2017;2017;10;20;4 trimester
fbc733c5b5502374b926b97a5f50865ed3278d031e113fa1a37a1d930a15a291;17/05/2017;2017;05;17;2 trimester
2f00054be8cfbd55a73d7998a9f8df97b572ab1cd34e2024752016e0941a3d16;23/11/2017;2017;11;23;4 trimester
cbeee3d0f6bdddb5b96cd3846bbd466cc232ba678face235d7095f2f96bfe412;14/11/2018;2018;11;14;4 trimester
20532a2c2e9ae7ddd4a3dbc720d18962a6babef58df972aeeadc808c1123348f;24/09/2018;2018;09;24;3 trimester
045d46db1a25a374ed741992dd81f6181953b5a7d1bae335b7a1a6d8f49febe6;06/06/2018;2018;06;06;2 trimester
a1d96b23f7960108f79a1beceb98cb9ae3b59149a4e7953974b034a1f7269604;22/10/2017;2017;10;22;4 trimester
986cc64a9e8a87b293c682c7eaaa9af12f42526b99eb62ad6e74280dc4290b27;25/06/2018;2018;06;25;2 trimester
09f010fcab1f217933ea9a077e2d038d29a1e23a54c36726e1b2aee6e4aa5d9a;14/09/2017;2017;09;14;3 trimester
fd37f54739db2372f0466d2dec4d6be35d358949a4a6903b1102d41a861aa5af;20/03/2018;2018;03;20;1 trimester
6718476c29dadd07a084b226659ae8dcd06c428db96fd40e6a3d6cc1050e2e9d;06/02/2018;2018;02;06;1 trimester
ad6687aa1caa09c41145e3d87b1d291deb60333cb4d57125d6f58a6c04cfc39b;19/03/2017;2017;03;19;1 trimester
c896ace78b859055465de19a860b9accc438c1853dbe79bf5697874aacd3800e;13/08/2018;2018;08;13;3 trimester
781fa63bc4ca0942b387a3abbdba1a7f3607ee7a4218d7ee03ea8766f7bff6d5;05/06/2018;2018;06;05;2 trimester
fb874ccc84956fd963963b5b24a67e56be82070a1de6a46a64151d89372b21bc;11/07/2018;2018;07;11;3 trimester
81c89be7c4d2a16e7fbdd107594f52eb9b7ed4a6831765b2f332f53774b36e1b;14/05/2017;2017;05;14;2 trimester
d1189b8619c2a750b11984e3910d0b5596b766d99962e3ec7474043a7446371a;22/05/2018;2018;05;22;2 trimester
dac41de99c65d475039d1359d17e170e0a530b859e76669950a58c7ab6552bb0;17/07/2018;2018;07;17;3 trimester
8b3000309f4cc3dcd2591fc522f6fd385602664766a2936cc0840850bdc63260;11/03/2019;2019;03;11;1 trimester
acc0991836caee1b3158d6846525d58f251fb3003653ab2cea036ec8e0ca82d4;07/02/2018;2018;02;07;1 trimester
ae2c965cf162b2c43826197f3a39ddde338acd8698ea97b125c54eef4d435bd9;28/04/2017;2017;04;28;2 trimester
ca51fbd8e15641743625b91eeacb8a515bf103c8d5f942cd573cb6d029b4aefe;23/02/2017;2017;02;23;1 trimester
2195afd9066f850758630bf99f93837a0f78210021515a2ed9bab68e855d0d25;29/01/2019;2019;01;29;1 trimester
c2517cfec4b13778da2e3bcc3b0b8d762209a6164e0019613a8dd5eb926e5fa8;05/09/2018;2018;09;05;3 trimester
8c10e50b02ae3558ddee151fa36efaaf276b24d3fad0d268a3bc149fddf51458;21/09/2017;2017;09;21;3 trimester
0402345408f17a5addc0e8e0dd64fabcd4c63da72e23186e66ecd328bf189c0c;17/09/2018;2018;09;17;3 trimester
4942131d27668fe24da8bf1b70f9e5cb422c752d717a97f90d2ee5584424c8f2;21/06/2017;2017;06;21;2 trimester
69fa1fca258b14810957be9c9cae6c2f124aeaf85df4311476bccb72c4c3aff2;05/12/2018;2018;12;05;4 trimester
d4f77fe362618e58f241656f1c9c6fef93cab5f8614356bb44691c4e850c170b;10/06/2018;2018;06;10;2 trimester
7938eb33a3434b94eb7a0965eeadf7bd9dec228761f350257ffe07450cf01cdb;08/04/2017;2017;04;08;2 trimester
51326a25998facf852f04470b0eb3fd27a004e49799144ba41b43d1203f9daee;30/12/2018;2018;12;30;4 trimester
5a4084e2884f1b8faeb7a642b38337d2a6fc20094b2357cd4622752f504995a6;27/01/2019;2019;01;27;1 trimester
1c0c0e4b147b9942aabd5dcd37aca2dae4beefa0cd28d1d46dade4457121a59c;11/02/2018;2018;02;11;1 trimester
41e2acddd01241bde2b23d516518fc76e3d2b6321cf3666a3d9cda1a6101ee4b;06/01/2018;2018;01;06;1 trimester
158420be1c51a5a58ce3388fc9a852fd8673b1b4491855efcaeb8637cd91c86d;17/03/2017;2017;03;17;1 trimester
0d97cac6e4e5a7d25445e25fc132a9cbf3d17df1b3db2c039e6ea52ba1ea3ac6;07/02/2019;2019;02;07;1 trimester
0dca29f696e190e85078b81674c867298ac41a4801d77d48a70dedbbcc90dcc9;30/10/2018;2018;10;30;4 trimester
18a7f0dcada6cba905bb46f4ee7310fb5c405747fd159f8b851e8b7e92c6b394;17/11/2017;2017;11;17;4 trimester
ac9e78f25b284305b9c02c03e571ffd4b08449f3a26a74ccf6bb54a232bc639d;04/11/2017;2017;11;04;4 trimester
d49ad6cf796809751f729f0080bb5635a6cb2873af49a1a67103a7013d2255cf;31/12/2018;2018;12;31;4 trimester
f1d1948b8610f9c9abadd9edcfc196eb556caf42c60243925a71fc54b168cbd7;07/05/2018;2018;05;07;2 trimester
7b37462f032370b8370c34e99615ab8c250e48da1992086d3b70b9a37c46e33a;11/01/2018;2018;01;11;1 trimester
aa217613ac40138b90027caddacf9d2b64b5a638c976ffe655d1b8b6def6faaf;16/09/2018;2018;09;16;3 trimester
c93d30f9aed805ff180424355ab154f078f3873de856ba3d4a01a6bc4198e8aa;19/02/2019;2019;02;19;1 trimester
9a703dcbb0c570448ae260d5c546fe7e4bd9d242151ee6f65a51e0be5f8b5035;21/11/2018;2018;11;21;4 trimester
baf401fbbc22eb095087a24abf60caecc0a6fd0d6b611f5d62bc01d5840c7a17;16/04/2018;2018;04;16;2 trimester
93abbb6acc33f926a46ead49bb9306c5052e7c94d85aad040ed47d921186a14c;13/08/2017;2017;08;13;3 trimester
5643e94ab43730bd52102c2f75d627c8607436ef871459dc17f1715e2b32b9a6;22/03/2017;2017;03;22;1 trimester
ddef1421d790b30ce0ec3b60602abb81f40ccc08f20cff7ef451dc3973d1d12f;06/03/2018;2018;03;06;1 trimester
4c412cfe031898b29df1517dd081ee2df03b4eebe95554572b648d0381aee9d3;10/04/2018;2018;04;10;2 trimester
c62049b2e233dabd05eabf4ce5256de2b0f95af65a2414867b1d4e6b145c8961;12/10/2017;2017;10;12;4 trimester
92aca53656c8502db27629f7453e7f6cbdba27e92d2b476390af2a2a7090ded8;27/05/2017;2017;05;27;2 trimester
4548c5c834f8fbda1d605cd2154cd0221de53a26e59781c7a708889d16cdb99d;08/06/2017;2017;06;08;2 trimester
d1f652e1445972d4bc3435d4a940d406ece2c45f7de1f5873c73a298bcd91f16;25/07/2018;2018;07;25;3 trimester
2991314aaf657841d11c5bac8b83fdcb8a481f9da7179a6c338fe000451b9622;04/11/2018;2018;11;04;4 trimester
1032718679d76398e6992b90b5c03fbd906cc8a249f01c3062574f77a4bd96cb;14/02/2019;2019;02;14;1 trimester
0efaca1dae3ba9593606c5bf85b07927cd43152cde8f3ab0e8fb454b4eee32eb;27/08/2018;2018;08;27;3 trimester
e0a2287242267e38ac37b80991f1f5194366a7a2f4594e909691da77b3ea04ba;22/09/2018;2018;09;22;3 trimester
5d9f0805312773943afae053e508c429baa310ac3dc626ed859c653dee6b92a4;04/03/2018;2018;03;04;1 trimester
7040ac9c55e232e14be476ee454c138720383b23bf959e1cfdc4a9f0b8b92eee;16/12/2017;2017;12;16;4 trimester
fa95122958524a65a4351068411cb5a47e00d4bfd25b40f44e6000d57e6acf49;06/04/2017;2017;04;06;2 trimester
e310d0aa3f60998463bc549989296b8b550ea1c9067325ddb497c969498a72cd;13/01/2017;2017;01;13;1 trimester
c44ef19a4a373a586fc6c9b4898853d6bc318582744a4957aa210b24b0b60325;08/07/2017;2017;07;08;3 trimester
faa89e6317e378d724913d7e3936a952175dfda5a00413a008108ec32ce18f66;23/04/2018;2018;04;23;2 trimester
cbd3fe024c35733635a9826c311ba00a6a0ee0c8b091e5ebd1264ffd3652fd72;15/12/2017;2017;12;15;4 trimester
55eb4a76fe5bd18016e2329cf1c46fbe7ef9ed15db2ef8b346c61d4ca36a6995;18/06/2018;2018;06;18;2 trimester
f8a4492c39ba8f1270d902af4919d3fdc74ce3d3a9d1fb6008bd6e6f1e0dd384;20/12/2017;2017;12;20;4 trimester
89660a9a9515ef75fcd248261b76584967f3bfb3b599d468abd85bc9c290f571;07/05/2017;2017;05;07;2 trimester
7e2aea776e09221db55229147776432c389ecba73644546e748c25d2a49c3247;08/07/2018;2018;07;08;3 trimester
05072c7e04d960967b1f46212d862502c6320a9ad2cb4c65d4285e1747510ff2;31/08/2017;2017;08;31;3 trimester
6628c03aca1e072c879d450ed555ab8332cdbce8705a9f76f12c00131b088ee0;19/03/2018;2018;03;19;1 trimester
ad50c73868ba765eff18d5dbe6d8524d687e0a97bbeddd3a9c248134e42a09a3;16/12/2018;2018;12;16;4 trimester
9392f4fd747a297314f83358265b39506a1dcbdc81b6691143c3b790ff85a522;26/10/2017;2017;10;26;4 trimester
c622035cc0d0e32ae78a878de4256c003cc54b6cea4c305bf6d08fed3b305ff2;30/01/2018;2018;01;30;1 trimester
